Workbook

Sheet hi!
A1: The Viscose Benches
A3: Welcome to the Viscose Benches! Here are some things you should know:
B4: • To use this sheet: in the top left, click File → Make a Copy.
B6: • I picked out scenarios that I personally found the most helpful for ingame translation and technique improvement. While they are in benchmark form, this is more of a practice playlist disguised as a benchmark. That's why there are such a large number of scenarios and why some categories are underrepresented.
B8: • One of the issues I tried to address with these benches is how going between Intermediate and Advanced can feel like a huge jump. To fix this, I have added additional ranks in each difficulty, and left some overlap between them with the intent that people play two sets of benchmarks simultaneously to vary their focus. I'd recommend beginner players try intermediate if they can comfortable get mammoth scores, and players on the intermediate benchmarks try advanced once they are around lavender/indigo.
B10: • In order to get a rank, you need to get at least one score in each subcategory. It's hard and it takes forever to get a rank, but I want to push people to be well rounded.
B12: • The number next to each scenario is your accumulated threads. The closer you are to the top score requirement on a given scenario, the more threads you receive. This gives you a look at the overall strength of your scoresheet, but doesn't actually affect your rank. Your total threads is summed at the top.
B14: • Currently, the score targets are prospective. On each difficulty, we have a link in the top right to a feedback form. Please send your sheets and opinions so we can balance these targets!
B16: • For categories like Arm, Wrist, and Fingertips, these scenarios are categorized by what muscle group I think they stress the most. These classifications can break at certain sensitivities, but I found these scenarios to target those particular muscle groups very effectively in practice. Scores slower than 50cm on fingertip scenarios are invalid, and 103hfov is the minimum for all scenarios.
B18: • If you click any scenario name, I have left a comment that tells you how to get the most out of each scenario and what to focus on while you practice. (WIP)
B19: • The difficulty of each tab of benchmarks refers to the relative difficulty of the scenarios in them, not the skill of the players who should be playing them. Medium difficulty scenarios feature ranks stretching well into what would be exclusive to the advanced benchmarks on voltaic
B20: • This sheet is a joint project between myself and pinguefy! Feel free to @ pingu in the Raw Input discord if you run into any issues or want to provide suggestions.
A21: My links: | F21: pingu's links:
A22: YouTube | F22: YouTube
A23: 2nd Channel | F23: 2nd Channel
A24: Twitter | F24: Twitter
A25: Twitch | F25: Raw Input Discord
A26: Patreon | F26: @jvniper on Discord
A27: My Discord | F27: Raw Input Podcast (aim podcast with us two + MissColourz)

Sheet Easier Scenarios
A1: Viscose Easier Scenarios | E1: =brank!A1 -> Unranked | H1: ="Playlist Code: " -> Playlist Code: | J1: KovaaKsGearingMehLowground
C2: Scenario | D2: =round((sum(brank!D2:brank!D37)*100),0) -> 0 | E2: =" High Score" -> High Score | G2: Progress | H2: Lemming | I2: Hare | J2: Ermine | K2: Penguin | L2: Fox | M2: Mammoth | N2: Orca | O2: Seal
A3: Control Tracking | B3: Arm | C3: =IFERROR(__xludf.DUMMYFUNCTION("importrange(""https://docs.google.com/spreadsheets/d/1k3XRRwn-mAbvb3rXIODFPrsnkgSEfh0xg1EWJICcSPo/edit?usp=sharing"",""Beginner!C3:C38"")"),"WhisphereRawControl Larger + Slowed") -> WhisphereRawControl Larger + Slowed | D3: =round(brank!$D2*100,0)&"%" -> 0% | G3: =IFERROR(__xludf.DUMMYFUNCTION("sparkline( F3 - choose(match(F3, {0, H3:O3}), 0, H3, I3, J3, K3, L3, M3, N3, O3), { ""charttype"", ""bar""; ""max"", choose(match(F3, {0, H3:O3}), H3, I3-H3, J3-I3, K3-J3, L3-K3, M3-L3, N3-M3, O3-N3, 0); ""nan"", ""ignore""; ""color1"""&", iferror(choose(match(F3, {0, H3:O3}), ""#C5C3F2"", ""#B2CBEA"", ""#BAF6FC"", ""#6B94DF"", ""#5558AA"", ""#6e3f98"", ""#C080E4"", ""#F5BDE8"", ""#F5BDE8"" )) } )"),"") | H3: =IFERROR(__xludf.DUMMYFUNCTION("importrange(""https://docs.google.com/spreadsheets/d/1k3XRRwn-mAbvb3rXIODFPrsnkgSEfh0xg1EWJICcSPo/edit?gid=0#gid=0"",""Beginner!D3:K38"")"),5500.0) -> 5500 | I3: =IFERROR(__xludf.DUMMYFUNCTION("""COMPUTED_VALUE"""),6700.0) -> 6700 | J3: =IFERROR(__xludf.DUMMYFUNCTION("""COMPUTED_VALUE"""),7800.0) -> 7800 | K3: =IFERROR(__xludf.DUMMYFUNCTION("""COMPUTED_VALUE"""),8700.0) -> 8700 | L3: =IFERROR(__xludf.DUMMYFUNCTION("""COMPUTED_VALUE"""),9600.0) -> 9600 | M3: =IFERROR(__xludf.DUMMYFUNCTION("""COMPUTED_VALUE"""),10500.0) -> 10500 | N3: =IFERROR(__xludf.DUMMYFUNCTION("""COMPUTED_VALUE"""),11400.0) -> 11400 | O3: =IFERROR(__xludf.DUMMYFUNCTION("""COMPUTED_VALUE"""),12500.0) -> 12500
C4: =IFERROR(__xludf.DUMMYFUNCTION("""COMPUTED_VALUE"""),"Whisphere 80%") -> Whisphere 80% | D4: =round(brank!$D3*100,0)&"%" -> 0% | G4: =IFERROR(__xludf.DUMMYFUNCTION("sparkline( F4 - choose(match(F4, {0, H4:O4}), 0, H4, I4, J4, K4, L4, M4, N4, O4), { ""charttype"", ""bar""; ""max"", choose(match(F4, {0, H4:O4}), H4, I4-H4, J4-I4, K4-J4, L4-K4, M4-L4, N4-M4, O4-N4, 0); ""nan"", ""ignore""; ""color1"""&", iferror(choose(match(F4, {0, H4:O4}), ""#C5C3F2"", ""#B2CBEA"", ""#BAF6FC"", ""#6B94DF"", ""#5558AA"", ""#6e3f98"", ""#C080E4"", ""#F5BDE8"", ""#F5BDE8"" )) } )"),"") | H4: =IFERROR(__xludf.DUMMYFUNCTION("""COMPUTED_VALUE"""),6300.0) -> 6300 | I4: =IFERROR(__xludf.DUMMYFUNCTION("""COMPUTED_VALUE"""),7700.0) -> 7700 | J4: =IFERROR(__xludf.DUMMYFUNCTION("""COMPUTED_VALUE"""),9000.0) -> 9000 | K4: =IFERROR(__xludf.DUMMYFUNCTION("""COMPUTED_VALUE"""),10000.0) -> 10000 | L4: =IFERROR(__xludf.DUMMYFUNCTION("""COMPUTED_VALUE"""),11000.0) -> 11000 | M4: =IFERROR(__xludf.DUMMYFUNCTION("""COMPUTED_VALUE"""),12000.0) -> 12000 | N4: =IFERROR(__xludf.DUMMYFUNCTION("""COMPUTED_VALUE"""),13000.0) -> 13000 | O4: =IFERROR(__xludf.DUMMYFUNCTION("""COMPUTED_VALUE"""),14500.0) -> 14500
C5: =IFERROR(__xludf.DUMMYFUNCTION("""COMPUTED_VALUE"""),"Smoothbot Invincible Goated 75%") -> Smoothbot Invincible Goated 75% | D5: =round(brank!$D4*100,0)&"%" -> 0% | G5: =IFERROR(__xludf.DUMMYFUNCTION("sparkline( F5 - choose(match(F5, {0, H5:O5}), 0, H5, I5, J5, K5, L5, M5, N5, O5), { ""charttype"", ""bar""; ""max"", choose(match(F5, {0, H5:O5}), H5, I5-H5, J5-I5, K5-J5, L5-K5, M5-L5, N5-M5, O5-N5, 0); ""nan"", ""ignore""; ""color1"""&", iferror(choose(match(F5, {0, H5:O5}), ""#C5C3F2"", ""#B2CBEA"", ""#BAF6FC"", ""#6B94DF"", ""#5558AA"", ""#6e3f98"", ""#C080E4"", ""#F5BDE8"", ""#F5BDE8"" )) } )"),"") | H5: =IFERROR(__xludf.DUMMYFUNCTION("""COMPUTED_VALUE"""),1800.0) -> 1800 | I5: =IFERROR(__xludf.DUMMYFUNCTION("""COMPUTED_VALUE"""),2250.0) -> 2250 | J5: =IFERROR(__xludf.DUMMYFUNCTION("""COMPUTED_VALUE"""),2650.0) -> 2650 | K5: =IFERROR(__xludf.DUMMYFUNCTION("""COMPUTED_VALUE"""),2900.0) -> 2900 | L5: =IFERROR(__xludf.DUMMYFUNCTION("""COMPUTED_VALUE"""),3150.0) -> 3150 | M5: =IFERROR(__xludf.DUMMYFUNCTION("""COMPUTED_VALUE"""),3400.0) -> 3400 | N5: =IFERROR(__xludf.DUMMYFUNCTION("""COMPUTED_VALUE"""),3650.0) -> 3650 | O5: =IFERROR(__xludf.DUMMYFUNCTION("""COMPUTED_VALUE"""),4000.0) -> 4000
B6: Wrist | C6: =IFERROR(__xludf.DUMMYFUNCTION("""COMPUTED_VALUE"""),"Leaptrack Goated 60% Larger") -> Leaptrack Goated 60% Larger | D6: =round(brank!$D5*100,0)&"%" -> 0% | G6: =IFERROR(__xludf.DUMMYFUNCTION("sparkline( F6 - choose(match(F6, {0, H6:O6}), 0, H6, I6, J6, K6, L6, M6, N6, O6), { ""charttype"", ""bar""; ""max"", choose(match(F6, {0, H6:O6}), H6, I6-H6, J6-I6, K6-J6, L6-K6, M6-L6, N6-M6, O6-N6, 0); ""nan"", ""ignore""; ""color1"""&", iferror(choose(match(F6, {0, H6:O6}), ""#C5C3F2"", ""#B2CBEA"", ""#BAF6FC"", ""#6B94DF"", ""#5558AA"", ""#6e3f98"", ""#C080E4"", ""#F5BDE8"", ""#F5BDE8"" )) } )"),"") | H6: =IFERROR(__xludf.DUMMYFUNCTION("""COMPUTED_VALUE"""),850.0) -> 850 | I6: =IFERROR(__xludf.DUMMYFUNCTION("""COMPUTED_VALUE"""),1200.0) -> 1200 | J6: =IFERROR(__xludf.DUMMYFUNCTION("""COMPUTED_VALUE"""),1500.0) -> 1500 | K6: =IFERROR(__xludf.DUMMYFUNCTION("""COMPUTED_VALUE"""),1700.0) -> 1700 | L6: =IFERROR(__xludf.DUMMYFUNCTION("""COMPUTED_VALUE"""),1900.0) -> 1900 | M6: =IFERROR(__xludf.DUMMYFUNCTION("""COMPUTED_VALUE"""),2100.0) -> 2100 | N6: =IFERROR(__xludf.DUMMYFUNCTION("""COMPUTED_VALUE"""),2250.0) -> 2250 | O6: =IFERROR(__xludf.DUMMYFUNCTION("""COMPUTED_VALUE"""),2450.0) -> 2450
C7: =IFERROR(__xludf.DUMMYFUNCTION("""COMPUTED_VALUE"""),"Controlsphere rAim Easy 90%") -> Controlsphere rAim Easy 90% | D7: =round(brank!$D6*100,0)&"%" -> 0% | G7: =IFERROR(__xludf.DUMMYFUNCTION("sparkline( F7 - choose(match(F7, {0, H7:O7}), 0, H7, I7, J7, K7, L7, M7, N7, O7), { ""charttype"", ""bar""; ""max"", choose(match(F7, {0, H7:O7}), H7, I7-H7, J7-I7, K7-J7, L7-K7, M7-L7, N7-M7, O7-N7, 0); ""nan"", ""ignore""; ""color1"""&", iferror(choose(match(F7, {0, H7:O7}), ""#C5C3F2"", ""#B2CBEA"", ""#BAF6FC"", ""#6B94DF"", ""#5558AA"", ""#6e3f98"", ""#C080E4"", ""#F5BDE8"", ""#F5BDE8"" )) } )"),"") | H7: =IFERROR(__xludf.DUMMYFUNCTION("""COMPUTED_VALUE"""),6100.0) -> 6100 | I7: =IFERROR(__xludf.DUMMYFUNCTION("""COMPUTED_VALUE"""),6950.0) -> 6950 | J7: =IFERROR(__xludf.DUMMYFUNCTION("""COMPUTED_VALUE"""),7700.0) -> 7700 | K7: =IFERROR(__xludf.DUMMYFUNCTION("""COMPUTED_VALUE"""),8400.0) -> 8400 | L7: =IFERROR(__xludf.DUMMYFUNCTION("""COMPUTED_VALUE"""),9100.0) -> 9100 | M7: =IFERROR(__xludf.DUMMYFUNCTION("""COMPUTED_VALUE"""),9800.0) -> 9800 | N7: =IFERROR(__xludf.DUMMYFUNCTION("""COMPUTED_VALUE"""),10500.0) -> 10500 | O7: =IFERROR(__xludf.DUMMYFUNCTION("""COMPUTED_VALUE"""),11500.0) -> 11500
C8: =IFERROR(__xludf.DUMMYFUNCTION("""COMPUTED_VALUE"""),"VT Controlsphere Intermediate S5 80%") -> VT Controlsphere Intermediate S5 80% | D8: =round(brank!$D7*100,0)&"%" -> 0% | G8: =IFERROR(__xludf.DUMMYFUNCTION("sparkline( F8 - choose(match(F8, {0, H8:O8}), 0, H8, I8, J8, K8, L8, M8, N8, O8), { ""charttype"", ""bar""; ""max"", choose(match(F8, {0, H8:O8}), H8, I8-H8, J8-I8, K8-J8, L8-K8, M8-L8, N8-M8, O8-N8, 0); ""nan"", ""ignore""; ""color1"""&", iferror(choose(match(F8, {0, H8:O8}), ""#C5C3F2"", ""#B2CBEA"", ""#BAF6FC"", ""#6B94DF"", ""#5558AA"", ""#6e3f98"", ""#C080E4"", ""#F5BDE8"", ""#F5BDE8"" )) } )"),"") | H8: =IFERROR(__xludf.DUMMYFUNCTION("""COMPUTED_VALUE"""),1850.0) -> 1850 | I8: =IFERROR(__xludf.DUMMYFUNCTION("""COMPUTED_VALUE"""),2300.0) -> 2300 | J8: =IFERROR(__xludf.DUMMYFUNCTION("""COMPUTED_VALUE"""),2700.0) -> 2700 | K8: =IFERROR(__xludf.DUMMYFUNCTION("""COMPUTED_VALUE"""),3000.0) -> 3000 | L8: =IFERROR(__xludf.DUMMYFUNCTION("""COMPUTED_VALUE"""),3300.0) -> 3300 | M8: =IFERROR(__xludf.DUMMYFUNCTION("""COMPUTED_VALUE"""),3600.0) -> 3600 | N8: =IFERROR(__xludf.DUMMYFUNCTION("""COMPUTED_VALUE"""),3850.0) -> 3850 | O8: =IFERROR(__xludf.DUMMYFUNCTION("""COMPUTED_VALUE"""),4100.0) -> 4100
B9: Fingertip | C9: =IFERROR(__xludf.DUMMYFUNCTION("""COMPUTED_VALUE"""),"Air Angelic 4 Voltaic Easy 80% (Good Version)") -> Air Angelic 4 Voltaic Easy 80% (Good Version) | D9: =round(brank!$D8*100,0)&"%" -> 0% | G9: =IFERROR(__xludf.DUMMYFUNCTION("sparkline( F9 - choose(match(F9, {0, H9:O9}), 0, H9, I9, J9, K9, L9, M9, N9, O9), { ""charttype"", ""bar""; ""max"", choose(match(F9, {0, H9:O9}), H9, I9-H9, J9-I9, K9-J9, L9-K9, M9-L9, N9-M9, O9-N9, 0); ""nan"", ""ignore""; ""color1"""&", iferror(choose(match(F9, {0, H9:O9}), ""#C5C3F2"", ""#B2CBEA"", ""#BAF6FC"", ""#6B94DF"", ""#5558AA"", ""#6e3f98"", ""#C080E4"", ""#F5BDE8"", ""#F5BDE8"" )) } )"),"") | H9: =IFERROR(__xludf.DUMMYFUNCTION("""COMPUTED_VALUE"""),1050.0) -> 1050 | I9: =IFERROR(__xludf.DUMMYFUNCTION("""COMPUTED_VALUE"""),1600.0) -> 1600 | J9: =IFERROR(__xludf.DUMMYFUNCTION("""COMPUTED_VALUE"""),2000.0) -> 2000 | K9: =IFERROR(__xludf.DUMMYFUNCTION("""COMPUTED_VALUE"""),2400.0) -> 2400 | L9: =IFERROR(__xludf.DUMMYFUNCTION("""COMPUTED_VALUE"""),2700.0) -> 2700 | M9: =IFERROR(__xludf.DUMMYFUNCTION("""COMPUTED_VALUE"""),3000.0) -> 3000 | N9: =IFERROR(__xludf.DUMMYFUNCTION("""COMPUTED_VALUE"""),3300.0) -> 3300 | O9: =IFERROR(__xludf.DUMMYFUNCTION("""COMPUTED_VALUE"""),3600.0) -> 3600
C10: =IFERROR(__xludf.DUMMYFUNCTION("""COMPUTED_VALUE"""),"Cloverrawcontrol Easy 80% Speed") -> Cloverrawcontrol Easy 80% Speed | D10: =round(brank!$D9*100,0)&"%" -> 0% | G10: =IFERROR(__xludf.DUMMYFUNCTION("sparkline( F10 - choose(match(F10, {0, H10:O10}), 0, H10, I10, J10, K10, L10, M10, N10, O10), { ""charttype"", ""bar""; ""max"", choose(match(F10, {0, H10:O10}), H10, I10-H10, J10-I10, K10-J10, L10-K10, M10-L10, N10-M10, O10-N10, 0); ""nan"&""", ""ignore""; ""color1"", iferror(choose(match(F10, {0, H10:O10}), ""#C5C3F2"", ""#B2CBEA"", ""#BAF6FC"", ""#6B94DF"", ""#5558AA"", ""#6e3f98"", ""#C080E4"", ""#F5BDE8"", ""#F5BDE8"" )) } )"),"") | H10: =IFERROR(__xludf.DUMMYFUNCTION("""COMPUTED_VALUE"""),3900.0) -> 3900 | I10: =IFERROR(__xludf.DUMMYFUNCTION("""COMPUTED_VALUE"""),4550.0) -> 4550 | J10: =IFERROR(__xludf.DUMMYFUNCTION("""COMPUTED_VALUE"""),5200.0) -> 5200 | K10: =IFERROR(__xludf.DUMMYFUNCTION("""COMPUTED_VALUE"""),5700.0) -> 5700 | L10: =IFERROR(__xludf.DUMMYFUNCTION("""COMPUTED_VALUE"""),6200.0) -> 6200 | M10: =IFERROR(__xludf.DUMMYFUNCTION("""COMPUTED_VALUE"""),6700.0) -> 6700 | N10: =IFERROR(__xludf.DUMMYFUNCTION("""COMPUTED_VALUE"""),7200.0) -> 7200 | O10: =IFERROR(__xludf.DUMMYFUNCTION("""COMPUTED_VALUE"""),7700.0) -> 7700
C11: =IFERROR(__xludf.DUMMYFUNCTION("""COMPUTED_VALUE"""),"Controlsphere Far, Far Larger 90%") -> Controlsphere Far, Far Larger 90% | D11: =round(brank!$D10*100,0)&"%" -> 0% | G11: =IFERROR(__xludf.DUMMYFUNCTION("sparkline( F11 - choose(match(F11, {0, H11:O11}), 0, H11, I11, J11, K11, L11, M11, N11, O11), { ""charttype"", ""bar""; ""max"", choose(match(F11, {0, H11:O11}), H11, I11-H11, J11-I11, K11-J11, L11-K11, M11-L11, N11-M11, O11-N11, 0); ""nan"&""", ""ignore""; ""color1"", iferror(choose(match(F11, {0, H11:O11}), ""#C5C3F2"", ""#B2CBEA"", ""#BAF6FC"", ""#6B94DF"", ""#5558AA"", ""#6e3f98"", ""#C080E4"", ""#F5BDE8"", ""#F5BDE8"" )) } )"),"") | H11: =IFERROR(__xludf.DUMMYFUNCTION("""COMPUTED_VALUE"""),7600.0) -> 7600 | I11: =IFERROR(__xludf.DUMMYFUNCTION("""COMPUTED_VALUE"""),8150.0) -> 8150 | J11: =IFERROR(__xludf.DUMMYFUNCTION("""COMPUTED_VALUE"""),8700.0) -> 8700 | K11: =IFERROR(__xludf.DUMMYFUNCTION("""COMPUTED_VALUE"""),9200.0) -> 9200 | L11: =IFERROR(__xludf.DUMMYFUNCTION("""COMPUTED_VALUE"""),9800.0) -> 9800 | M11: =IFERROR(__xludf.DUMMYFUNCTION("""COMPUTED_VALUE"""),10200.0) -> 10200 | N11: =IFERROR(__xludf.DUMMYFUNCTION("""COMPUTED_VALUE"""),10900.0) -> 10900 | O11: =IFERROR(__xludf.DUMMYFUNCTION("""COMPUTED_VALUE"""),11500.0) -> 11500
B12: Blending | C12: =IFERROR(__xludf.DUMMYFUNCTION("""COMPUTED_VALUE"""),"PGTI Voltaic Easy 80%") -> PGTI Voltaic Easy 80% | D12: =round(brank!$D11*100,0)&"%" -> 0% | G12: =IFERROR(__xludf.DUMMYFUNCTION("sparkline( F12 - choose(match(F12, {0, H12:O12}), 0, H12, I12, J12, K12, L12, M12, N12, O12), { ""charttype"", ""bar""; ""max"", choose(match(F12, {0, H12:O12}), H12, I12-H12, J12-I12, K12-J12, L12-K12, M12-L12, N12-M12, O12-N12, 0); ""nan"&""", ""ignore""; ""color1"", iferror(choose(match(F12, {0, H12:O12}), ""#C5C3F2"", ""#B2CBEA"", ""#BAF6FC"", ""#6B94DF"", ""#5558AA"", ""#6e3f98"", ""#C080E4"", ""#F5BDE8"", ""#F5BDE8"" )) } )"),"") | H12: =IFERROR(__xludf.DUMMYFUNCTION("""COMPUTED_VALUE"""),350.0) -> 350 | I12: =IFERROR(__xludf.DUMMYFUNCTION("""COMPUTED_VALUE"""),550.0) -> 550 | J12: =IFERROR(__xludf.DUMMYFUNCTION("""COMPUTED_VALUE"""),850.0) -> 850 | K12: =IFERROR(__xludf.DUMMYFUNCTION("""COMPUTED_VALUE"""),1100.0) -> 1100 | L12: =IFERROR(__xludf.DUMMYFUNCTION("""COMPUTED_VALUE"""),1350.0) -> 1350 | M12: =IFERROR(__xludf.DUMMYFUNCTION("""COMPUTED_VALUE"""),1600.0) -> 1600 | N12: =IFERROR(__xludf.DUMMYFUNCTION("""COMPUTED_VALUE"""),1900.0) -> 1900 | O12: =IFERROR(__xludf.DUMMYFUNCTION("""COMPUTED_VALUE"""),2250.0) -> 2250
C13: =IFERROR(__xludf.DUMMYFUNCTION("""COMPUTED_VALUE"""),"Air CELESTIAL No UFO Easy Slowed") -> Air CELESTIAL No UFO Easy Slowed | D13: =round(brank!$D12*100,0)&"%" -> 0% | G13: =IFERROR(__xludf.DUMMYFUNCTION("sparkline( F13 - choose(match(F13, {0, H13:O13}), 0, H13, I13, J13, K13, L13, M13, N13, O13), { ""charttype"", ""bar""; ""max"", choose(match(F13, {0, H13:O13}), H13, I13-H13, J13-I13, K13-J13, L13-K13, M13-L13, N13-M13, O13-N13, 0); ""nan"&""", ""ignore""; ""color1"", iferror(choose(match(F13, {0, H13:O13}), ""#C5C3F2"", ""#B2CBEA"", ""#BAF6FC"", ""#6B94DF"", ""#5558AA"", ""#6e3f98"", ""#C080E4"", ""#F5BDE8"", ""#F5BDE8"" )) } )"),"") | H13: =IFERROR(__xludf.DUMMYFUNCTION("""COMPUTED_VALUE"""),820.0) -> 820 | I13: =IFERROR(__xludf.DUMMYFUNCTION("""COMPUTED_VALUE"""),835.0) -> 835 | J13: =IFERROR(__xludf.DUMMYFUNCTION("""COMPUTED_VALUE"""),850.0) -> 850 | K13: =IFERROR(__xludf.DUMMYFUNCTION("""COMPUTED_VALUE"""),861.0) -> 861 | L13: =IFERROR(__xludf.DUMMYFUNCTION("""COMPUTED_VALUE"""),870.0) -> 870 | M13: =IFERROR(__xludf.DUMMYFUNCTION("""COMPUTED_VALUE"""),878.0) -> 878 | N13: =IFERROR(__xludf.DUMMYFUNCTION("""COMPUTED_VALUE"""),884.0) -> 884 | O13: =IFERROR(__xludf.DUMMYFUNCTION("""COMPUTED_VALUE"""),890.0) -> 890
C14: =IFERROR(__xludf.DUMMYFUNCTION("""COMPUTED_VALUE"""),"Whisphere Small & Slow 55%") -> Whisphere Small & Slow 55% | D14: =round(brank!$D13*100,0)&"%" -> 0% | G14: =IFERROR(__xludf.DUMMYFUNCTION("sparkline( F14 - choose(match(F14, {0, H14:O14}), 0, H14, I14, J14, K14, L14, M14, N14, O14), { ""charttype"", ""bar""; ""max"", choose(match(F14, {0, H14:O14}), H14, I14-H14, J14-I14, K14-J14, L14-K14, M14-L14, N14-M14, O14-N14, 0); ""nan"&""", ""ignore""; ""color1"", iferror(choose(match(F14, {0, H14:O14}), ""#C5C3F2"", ""#B2CBEA"", ""#BAF6FC"", ""#6B94DF"", ""#5558AA"", ""#6e3f98"", ""#C080E4"", ""#F5BDE8"", ""#F5BDE8"" )) } )"),"") | H14: =IFERROR(__xludf.DUMMYFUNCTION("""COMPUTED_VALUE"""),6000.0) -> 6000 | I14: =IFERROR(__xludf.DUMMYFUNCTION("""COMPUTED_VALUE"""),7500.0) -> 7500 | J14: =IFERROR(__xludf.DUMMYFUNCTION("""COMPUTED_VALUE"""),9000.0) -> 9000 | K14: =IFERROR(__xludf.DUMMYFUNCTION("""COMPUTED_VALUE"""),10000.0) -> 10000 | L14: =IFERROR(__xludf.DUMMYFUNCTION("""COMPUTED_VALUE"""),10750.0) -> 10750 | M14: =IFERROR(__xludf.DUMMYFUNCTION("""COMPUTED_VALUE"""),11500.0) -> 11500 | N14: =IFERROR(__xludf.DUMMYFUNCTION("""COMPUTED_VALUE"""),12250.0) -> 12250 | O14: =IFERROR(__xludf.DUMMYFUNCTION("""COMPUTED_VALUE"""),13500.0) -> 13500
A15: Reactive Tracking | B15: Control | C15: =IFERROR(__xludf.DUMMYFUNCTION("""COMPUTED_VALUE"""),"Air Voltaic Invincible 7 Easy 80%") -> Air Voltaic Invincible 7 Easy 80% | D15: =round(brank!$D14*100,0)&"%" -> 0% | G15: =IFERROR(__xludf.DUMMYFUNCTION("sparkline( F15 - choose(match(F15, {0, H15:O15}), 0, H15, I15, J15, K15, L15, M15, N15, O15), { ""charttype"", ""bar""; ""max"", choose(match(F15, {0, H15:O15}), H15, I15-H15, J15-I15, K15-J15, L15-K15, M15-L15, N15-M15, O15-N15, 0); ""nan"&""", ""ignore""; ""color1"", iferror(choose(match(F15, {0, H15:O15}), ""#C5C3F2"", ""#B2CBEA"", ""#BAF6FC"", ""#6B94DF"", ""#5558AA"", ""#6e3f98"", ""#C080E4"", ""#F5BDE8"", ""#F5BDE8"" )) } )"),"") | H15: =IFERROR(__xludf.DUMMYFUNCTION("""COMPUTED_VALUE"""),750.0) -> 750 | I15: =IFERROR(__xludf.DUMMYFUNCTION("""COMPUTED_VALUE"""),1200.0) -> 1200 | J15: =IFERROR(__xludf.DUMMYFUNCTION("""COMPUTED_VALUE"""),1600.0) -> 1600 | K15: =IFERROR(__xludf.DUMMYFUNCTION("""COMPUTED_VALUE"""),1900.0) -> 1900 | L15: =IFERROR(__xludf.DUMMYFUNCTION("""COMPUTED_VALUE"""),2200.0) -> 2200 | M15: =IFERROR(__xludf.DUMMYFUNCTION("""COMPUTED_VALUE"""),2500.0) -> 2500 | N15: =IFERROR(__xludf.DUMMYFUNCTION("""COMPUTED_VALUE"""),2800.0) -> 2800 | O15: =IFERROR(__xludf.DUMMYFUNCTION("""COMPUTED_VALUE"""),3200.0) -> 3200
C16: =IFERROR(__xludf.DUMMYFUNCTION("""COMPUTED_VALUE"""),"Controlsphere OW Long Strafes 90%") -> Controlsphere OW Long Strafes 90% | D16: =round(brank!$D15*100,0)&"%" -> 0% | G16: =IFERROR(__xludf.DUMMYFUNCTION("sparkline( F16 - choose(match(F16, {0, H16:O16}), 0, H16, I16, J16, K16, L16, M16, N16, O16), { ""charttype"", ""bar""; ""max"", choose(match(F16, {0, H16:O16}), H16, I16-H16, J16-I16, K16-J16, L16-K16, M16-L16, N16-M16, O16-N16, 0); ""nan"&""", ""ignore""; ""color1"", iferror(choose(match(F16, {0, H16:O16}), ""#C5C3F2"", ""#B2CBEA"", ""#BAF6FC"", ""#6B94DF"", ""#5558AA"", ""#6e3f98"", ""#C080E4"", ""#F5BDE8"", ""#F5BDE8"" )) } )"),"") | H16: =IFERROR(__xludf.DUMMYFUNCTION("""COMPUTED_VALUE"""),5400.0) -> 5400 | I16: =IFERROR(__xludf.DUMMYFUNCTION("""COMPUTED_VALUE"""),6100.0) -> 6100 | J16: =IFERROR(__xludf.DUMMYFUNCTION("""COMPUTED_VALUE"""),6700.0) -> 6700 | K16: =IFERROR(__xludf.DUMMYFUNCTION("""COMPUTED_VALUE"""),7200.0) -> 7200 | L16: =IFERROR(__xludf.DUMMYFUNCTION("""COMPUTED_VALUE"""),7600.0) -> 7600 | M16: =IFERROR(__xludf.DUMMYFUNCTION("""COMPUTED_VALUE"""),8000.0) -> 8000 | N16: =IFERROR(__xludf.DUMMYFUNCTION("""COMPUTED_VALUE"""),8300.0) -> 8300 | O16: =IFERROR(__xludf.DUMMYFUNCTION("""COMPUTED_VALUE"""),8700.0) -> 8700
B17: Speed | C17: =IFERROR(__xludf.DUMMYFUNCTION("""COMPUTED_VALUE"""),"Flicker Plaza rAim Easy Less Blinks") -> Flicker Plaza rAim Easy Less Blinks | D17: =round(brank!$D16*100,0)&"%" -> 0% | G17: =IFERROR(__xludf.DUMMYFUNCTION("sparkline( F17 - choose(match(F17, {0, H17:O17}), 0, H17, I17, J17, K17, L17, M17, N17, O17), { ""charttype"", ""bar""; ""max"", choose(match(F17, {0, H17:O17}), H17, I17-H17, J17-I17, K17-J17, L17-K17, M17-L17, N17-M17, O17-N17, 0); ""nan"&""", ""ignore""; ""color1"", iferror(choose(match(F17, {0, H17:O17}), ""#C5C3F2"", ""#B2CBEA"", ""#BAF6FC"", ""#6B94DF"", ""#5558AA"", ""#6e3f98"", ""#C080E4"", ""#F5BDE8"", ""#F5BDE8"" )) } )"),"") | H17: =IFERROR(__xludf.DUMMYFUNCTION("""COMPUTED_VALUE"""),858.0) -> 858 | I17: =IFERROR(__xludf.DUMMYFUNCTION("""COMPUTED_VALUE"""),871.0) -> 871 | J17: =IFERROR(__xludf.DUMMYFUNCTION("""COMPUTED_VALUE"""),883.0) -> 883 | K17: =IFERROR(__xludf.DUMMYFUNCTION("""COMPUTED_VALUE"""),890.0) -> 890 | L17: =IFERROR(__xludf.DUMMYFUNCTION("""COMPUTED_VALUE"""),895.0) -> 895 | M17: =IFERROR(__xludf.DUMMYFUNCTION("""COMPUTED_VALUE"""),900.0) -> 900 | N17: =IFERROR(__xludf.DUMMYFUNCTION("""COMPUTED_VALUE"""),904.0) -> 904 | O17: =IFERROR(__xludf.DUMMYFUNCTION("""COMPUTED_VALUE"""),909.0) -> 909
C18: =IFERROR(__xludf.DUMMYFUNCTION("""COMPUTED_VALUE"""),"Polarized Hell Easy 40% Slower") -> Polarized Hell Easy 40% Slower | D18: =round(brank!$D17*100,0)&"%" -> 0% | G18: =IFERROR(__xludf.DUMMYFUNCTION("sparkline( F18 - choose(match(F18, {0, H18:O18}), 0, H18, I18, J18, K18, L18, M18, N18, O18), { ""charttype"", ""bar""; ""max"", choose(match(F18, {0, H18:O18}), H18, I18-H18, J18-I18, K18-J18, L18-K18, M18-L18, N18-M18, O18-N18, 0); ""nan"&""", ""ignore""; ""color1"", iferror(choose(match(F18, {0, H18:O18}), ""#C5C3F2"", ""#B2CBEA"", ""#BAF6FC"", ""#6B94DF"", ""#5558AA"", ""#6e3f98"", ""#C080E4"", ""#F5BDE8"", ""#F5BDE8"" )) } )"),"") | H18: =IFERROR(__xludf.DUMMYFUNCTION("""COMPUTED_VALUE"""),750.0) -> 750 | I18: =IFERROR(__xludf.DUMMYFUNCTION("""COMPUTED_VALUE"""),1100.0) -> 1100 | J18: =IFERROR(__xludf.DUMMYFUNCTION("""COMPUTED_VALUE"""),1400.0) -> 1400 | K18: =IFERROR(__xludf.DUMMYFUNCTION("""COMPUTED_VALUE"""),1600.0) -> 1600 | L18: =IFERROR(__xludf.DUMMYFUNCTION("""COMPUTED_VALUE"""),1800.0) -> 1800 | M18: =IFERROR(__xludf.DUMMYFUNCTION("""COMPUTED_VALUE"""),2000.0) -> 2000 | N18: =IFERROR(__xludf.DUMMYFUNCTION("""COMPUTED_VALUE"""),2150.0) -> 2150 | O18: =IFERROR(__xludf.DUMMYFUNCTION("""COMPUTED_VALUE"""),2500.0) -> 2500
B19: Reading | C19: =IFERROR(__xludf.DUMMYFUNCTION("""COMPUTED_VALUE"""),"Air Pure Intermediate Slower No UFO") -> Air Pure Intermediate Slower No UFO | D19: =round(brank!$D18*100,0)&"%" -> 0% | G19: =IFERROR(__xludf.DUMMYFUNCTION("sparkline( F19 - choose(match(F19, {0, H19:O19}), 0, H19, I19, J19, K19, L19, M19, N19, O19), { ""charttype"", ""bar""; ""max"", choose(match(F19, {0, H19:O19}), H19, I19-H19, J19-I19, K19-J19, L19-K19, M19-L19, N19-M19, O19-N19, 0); ""nan"&""", ""ignore""; ""color1"", iferror(choose(match(F19, {0, H19:O19}), ""#C5C3F2"", ""#B2CBEA"", ""#BAF6FC"", ""#6B94DF"", ""#5558AA"", ""#6e3f98"", ""#C080E4"", ""#F5BDE8"", ""#F5BDE8"" )) } )"),"") | H19: =IFERROR(__xludf.DUMMYFUNCTION("""COMPUTED_VALUE"""),860.0) -> 860 | I19: =IFERROR(__xludf.DUMMYFUNCTION("""COMPUTED_VALUE"""),874.0) -> 874 | J19: =IFERROR(__xludf.DUMMYFUNCTION("""COMPUTED_VALUE"""),886.0) -> 886 | K19: =IFERROR(__xludf.DUMMYFUNCTION("""COMPUTED_VALUE"""),893.0) -> 893 | L19: =IFERROR(__xludf.DUMMYFUNCTION("""COMPUTED_VALUE"""),901.0) -> 901 | M19: =IFERROR(__xludf.DUMMYFUNCTION("""COMPUTED_VALUE"""),907.0) -> 907 | N19: =IFERROR(__xludf.DUMMYFUNCTION("""COMPUTED_VALUE"""),911.0) -> 911 | O19: =IFERROR(__xludf.DUMMYFUNCTION("""COMPUTED_VALUE"""),916.0) -> 916
C20: =IFERROR(__xludf.DUMMYFUNCTION("""COMPUTED_VALUE"""),"Air Voltaic Easy Invincible 4 80%") -> Air Voltaic Easy Invincible 4 80% | D20: =round(brank!$D19*100,0)&"%" -> 0% | G20: =IFERROR(__xludf.DUMMYFUNCTION("sparkline( F20 - choose(match(F20, {0, H20:O20}), 0, H20, I20, J20, K20, L20, M20, N20, O20), { ""charttype"", ""bar""; ""max"", choose(match(F20, {0, H20:O20}), H20, I20-H20, J20-I20, K20-J20, L20-K20, M20-L20, N20-M20, O20-N20, 0); ""nan"&""", ""ignore""; ""color1"", iferror(choose(match(F20, {0, H20:O20}), ""#C5C3F2"", ""#B2CBEA"", ""#BAF6FC"", ""#6B94DF"", ""#5558AA"", ""#6e3f98"", ""#C080E4"", ""#F5BDE8"", ""#F5BDE8"" )) } )"),"") | H20: =IFERROR(__xludf.DUMMYFUNCTION("""COMPUTED_VALUE"""),1100.0) -> 1100 | I20: =IFERROR(__xludf.DUMMYFUNCTION("""COMPUTED_VALUE"""),1600.0) -> 1600 | J20: =IFERROR(__xludf.DUMMYFUNCTION("""COMPUTED_VALUE"""),2100.0) -> 2100 | K20: =IFERROR(__xludf.DUMMYFUNCTION("""COMPUTED_VALUE"""),2450.0) -> 2450 | L20: =IFERROR(__xludf.DUMMYFUNCTION("""COMPUTED_VALUE"""),2800.0) -> 2800 | M20: =IFERROR(__xludf.DUMMYFUNCTION("""COMPUTED_VALUE"""),3150.0) -> 3150 | N20: =IFERROR(__xludf.DUMMYFUNCTION("""COMPUTED_VALUE"""),3400.0) -> 3400 | O20: =IFERROR(__xludf.DUMMYFUNCTION("""COMPUTED_VALUE"""),3800.0) -> 3800
A21: Flick Tech | B21: Speed | C21: =IFERROR(__xludf.DUMMYFUNCTION("""COMPUTED_VALUE"""),"Pokeball Frenzy Auto TE Wide") -> Pokeball Frenzy Auto TE Wide | D21: =round(brank!$D20*100,0)&"%" -> 0% | G21: =IFERROR(__xludf.DUMMYFUNCTION("sparkline( F21 - choose(match(F21, {0, H21:O21}), 0, H21, I21, J21, K21, L21, M21, N21, O21), { ""charttype"", ""bar""; ""max"", choose(match(F21, {0, H21:O21}), H21, I21-H21, J21-I21, K21-J21, L21-K21, M21-L21, N21-M21, O21-N21, 0); ""nan"&""", ""ignore""; ""color1"", iferror(choose(match(F21, {0, H21:O21}), ""#C5C3F2"", ""#B2CBEA"", ""#BAF6FC"", ""#6B94DF"", ""#5558AA"", ""#6e3f98"", ""#C080E4"", ""#F5BDE8"", ""#F5BDE8"" )) } )"),"") | H21: =IFERROR(__xludf.DUMMYFUNCTION("""COMPUTED_VALUE"""),650.0) -> 650 | I21: =IFERROR(__xludf.DUMMYFUNCTION("""COMPUTED_VALUE"""),950.0) -> 950 | J21: =IFERROR(__xludf.DUMMYFUNCTION("""COMPUTED_VALUE"""),1250.0) -> 1250 | K21: =IFERROR(__xludf.DUMMYFUNCTION("""COMPUTED_VALUE"""),1500.0) -> 1500 | L21: =IFERROR(__xludf.DUMMYFUNCTION("""COMPUTED_VALUE"""),1750.0) -> 1750 | M21: =IFERROR(__xludf.DUMMYFUNCTION("""COMPUTED_VALUE"""),2000.0) -> 2000 | N21: =IFERROR(__xludf.DUMMYFUNCTION("""COMPUTED_VALUE"""),2300.0) -> 2300 | O21: =IFERROR(__xludf.DUMMYFUNCTION("""COMPUTED_VALUE"""),2700.0) -> 2700
C22: =IFERROR(__xludf.DUMMYFUNCTION("""COMPUTED_VALUE"""),"1w3ts Reload Larger") -> 1w3ts Reload Larger | D22: =round(brank!$D21*100,0)&"%" -> 0% | G22: =IFERROR(__xludf.DUMMYFUNCTION("sparkline( F22 - choose(match(F22, {0, H22:O22}), 0, H22, I22, J22, K22, L22, M22, N22, O22), { ""charttype"", ""bar""; ""max"", choose(match(F22, {0, H22:O22}), H22, I22-H22, J22-I22, K22-J22, L22-K22, M22-L22, N22-M22, O22-N22, 0); ""nan"&""", ""ignore""; ""color1"", iferror(choose(match(F22, {0, H22:O22}), ""#C5C3F2"", ""#B2CBEA"", ""#BAF6FC"", ""#6B94DF"", ""#5558AA"", ""#6e3f98"", ""#C080E4"", ""#F5BDE8"", ""#F5BDE8"" )) } )"),"") | H22: =IFERROR(__xludf.DUMMYFUNCTION("""COMPUTED_VALUE"""),36.0) -> 36 | I22: =IFERROR(__xludf.DUMMYFUNCTION("""COMPUTED_VALUE"""),43.0) -> 43 | J22: =IFERROR(__xludf.DUMMYFUNCTION("""COMPUTED_VALUE"""),50.0) -> 50 | K22: =IFERROR(__xludf.DUMMYFUNCTION("""COMPUTED_VALUE"""),58.0) -> 58 | L22: =IFERROR(__xludf.DUMMYFUNCTION("""COMPUTED_VALUE"""),70.0) -> 70 | M22: =IFERROR(__xludf.DUMMYFUNCTION("""COMPUTED_VALUE"""),82.0) -> 82 | N22: =IFERROR(__xludf.DUMMYFUNCTION("""COMPUTED_VALUE"""),92.0) -> 92 | O22: =IFERROR(__xludf.DUMMYFUNCTION("""COMPUTED_VALUE"""),102.0) -> 102
C23: =IFERROR(__xludf.DUMMYFUNCTION("""COMPUTED_VALUE"""),"voxTargetSwitch 2 Large") -> voxTargetSwitch 2 Large | D23: =round(brank!$D22*100,0)&"%" -> 0% | G23: =IFERROR(__xludf.DUMMYFUNCTION("sparkline( F23 - choose(match(F23, {0, H23:O23}), 0, H23, I23, J23, K23, L23, M23, N23, O23), { ""charttype"", ""bar""; ""max"", choose(match(F23, {0, H23:O23}), H23, I23-H23, J23-I23, K23-J23, L23-K23, M23-L23, N23-M23, O23-N23, 0); ""nan"&""", ""ignore""; ""color1"", iferror(choose(match(F23, {0, H23:O23}), ""#C5C3F2"", ""#B2CBEA"", ""#BAF6FC"", ""#6B94DF"", ""#5558AA"", ""#6e3f98"", ""#C080E4"", ""#F5BDE8"", ""#F5BDE8"" )) } )"),"") | H23: =IFERROR(__xludf.DUMMYFUNCTION("""COMPUTED_VALUE"""),67.0) -> 67 | I23: =IFERROR(__xludf.DUMMYFUNCTION("""COMPUTED_VALUE"""),78.0) -> 78 | J23: =IFERROR(__xludf.DUMMYFUNCTION("""COMPUTED_VALUE"""),87.0) -> 87 | K23: =IFERROR(__xludf.DUMMYFUNCTION("""COMPUTED_VALUE"""),95.0) -> 95 | L23: =IFERROR(__xludf.DUMMYFUNCTION("""COMPUTED_VALUE"""),103.0) -> 103 | M23: =IFERROR(__xludf.DUMMYFUNCTION("""COMPUTED_VALUE"""),110.0) -> 110 | N23: =IFERROR(__xludf.DUMMYFUNCTION("""COMPUTED_VALUE"""),117.0) -> 117 | O23: =IFERROR(__xludf.DUMMYFUNCTION("""COMPUTED_VALUE"""),123.0) -> 123
B24: Stability | C24: =IFERROR(__xludf.DUMMYFUNCTION("""COMPUTED_VALUE"""),"BeanTS Larger") -> BeanTS Larger | D24: =round(brank!$D23*100,0)&"%" -> 0% | G24: =IFERROR(__xludf.DUMMYFUNCTION("sparkline( F24 - choose(match(F24, {0, H24:O24}), 0, H24, I24, J24, K24, L24, M24, N24, O24), { ""charttype"", ""bar""; ""max"", choose(match(F24, {0, H24:O24}), H24, I24-H24, J24-I24, K24-J24, L24-K24, M24-L24, N24-M24, O24-N24, 0); ""nan"&""", ""ignore""; ""color1"", iferror(choose(match(F24, {0, H24:O24}), ""#C5C3F2"", ""#B2CBEA"", ""#BAF6FC"", ""#6B94DF"", ""#5558AA"", ""#6e3f98"", ""#C080E4"", ""#F5BDE8"", ""#F5BDE8"" )) } )"),"") | H24: =IFERROR(__xludf.DUMMYFUNCTION("""COMPUTED_VALUE"""),65.0) -> 65 | I24: =IFERROR(__xludf.DUMMYFUNCTION("""COMPUTED_VALUE"""),78.0) -> 78 | J24: =IFERROR(__xludf.DUMMYFUNCTION("""COMPUTED_VALUE"""),90.0) -> 90 | K24: =IFERROR(__xludf.DUMMYFUNCTION("""COMPUTED_VALUE"""),100.0) -> 100 | L24: =IFERROR(__xludf.DUMMYFUNCTION("""COMPUTED_VALUE"""),110.0) -> 110 | M24: =IFERROR(__xludf.DUMMYFUNCTION("""COMPUTED_VALUE"""),120.0) -> 120 | N24: =IFERROR(__xludf.DUMMYFUNCTION("""COMPUTED_VALUE"""),130.0) -> 130 | O24: =IFERROR(__xludf.DUMMYFUNCTION("""COMPUTED_VALUE"""),142.0) -> 142
C25: =IFERROR(__xludf.DUMMYFUNCTION("""COMPUTED_VALUE"""),"FloatTS Angelic Easy Larger") -> FloatTS Angelic Easy Larger | D25: =round(brank!$D24*100,0)&"%" -> 0% | G25: =IFERROR(__xludf.DUMMYFUNCTION("sparkline( F25 - choose(match(F25, {0, H25:O25}), 0, H25, I25, J25, K25, L25, M25, N25, O25), { ""charttype"", ""bar""; ""max"", choose(match(F25, {0, H25:O25}), H25, I25-H25, J25-I25, K25-J25, L25-K25, M25-L25, N25-M25, O25-N25, 0); ""nan"&""", ""ignore""; ""color1"", iferror(choose(match(F25, {0, H25:O25}), ""#C5C3F2"", ""#B2CBEA"", ""#BAF6FC"", ""#6B94DF"", ""#5558AA"", ""#6e3f98"", ""#C080E4"", ""#F5BDE8"", ""#F5BDE8"" )) } )"),"") | H25: =IFERROR(__xludf.DUMMYFUNCTION("""COMPUTED_VALUE"""),65.0) -> 65 | I25: =IFERROR(__xludf.DUMMYFUNCTION("""COMPUTED_VALUE"""),74.0) -> 74 | J25: =IFERROR(__xludf.DUMMYFUNCTION("""COMPUTED_VALUE"""),81.0) -> 81 | K25: =IFERROR(__xludf.DUMMYFUNCTION("""COMPUTED_VALUE"""),88.0) -> 88 | L25: =IFERROR(__xludf.DUMMYFUNCTION("""COMPUTED_VALUE"""),95.0) -> 95 | M25: =IFERROR(__xludf.DUMMYFUNCTION("""COMPUTED_VALUE"""),101.0) -> 101 | N25: =IFERROR(__xludf.DUMMYFUNCTION("""COMPUTED_VALUE"""),106.0) -> 106 | O25: =IFERROR(__xludf.DUMMYFUNCTION("""COMPUTED_VALUE"""),111.0) -> 111
B26: Micro | C26: =IFERROR(__xludf.DUMMYFUNCTION("""COMPUTED_VALUE"""),"WaldoTS Novice") -> WaldoTS Novice | D26: =round(brank!$D25*100,0)&"%" -> 0% | G26: =IFERROR(__xludf.DUMMYFUNCTION("sparkline( F26 - choose(match(F26, {0, H26:O26}), 0, H26, I26, J26, K26, L26, M26, N26, O26), { ""charttype"", ""bar""; ""max"", choose(match(F26, {0, H26:O26}), H26, I26-H26, J26-I26, K26-J26, L26-K26, M26-L26, N26-M26, O26-N26, 0); ""nan"&""", ""ignore""; ""color1"", iferror(choose(match(F26, {0, H26:O26}), ""#C5C3F2"", ""#B2CBEA"", ""#BAF6FC"", ""#6B94DF"", ""#5558AA"", ""#6e3f98"", ""#C080E4"", ""#F5BDE8"", ""#F5BDE8"" )) } )"),"") | H26: =IFERROR(__xludf.DUMMYFUNCTION("""COMPUTED_VALUE"""),65.0) -> 65 | I26: =IFERROR(__xludf.DUMMYFUNCTION("""COMPUTED_VALUE"""),78.0) -> 78 | J26: =IFERROR(__xludf.DUMMYFUNCTION("""COMPUTED_VALUE"""),90.0) -> 90 | K26: =IFERROR(__xludf.DUMMYFUNCTION("""COMPUTED_VALUE"""),100.0) -> 100 | L26: =IFERROR(__xludf.DUMMYFUNCTION("""COMPUTED_VALUE"""),110.0) -> 110 | M26: =IFERROR(__xludf.DUMMYFUNCTION("""COMPUTED_VALUE"""),120.0) -> 120 | N26: =IFERROR(__xludf.DUMMYFUNCTION("""COMPUTED_VALUE"""),130.0) -> 130 | O26: =IFERROR(__xludf.DUMMYFUNCTION("""COMPUTED_VALUE"""),140.0) -> 140
C27: =IFERROR(__xludf.DUMMYFUNCTION("""COMPUTED_VALUE"""),"devTS Goated NR Static 5Bot") -> devTS Goated NR Static 5Bot | D27: =round(brank!$D26*100,0)&"%" -> 0% | G27: =IFERROR(__xludf.DUMMYFUNCTION("sparkline( F27 - choose(match(F27, {0, H27:O27}), 0, H27, I27, J27, K27, L27, M27, N27, O27), { ""charttype"", ""bar""; ""max"", choose(match(F27, {0, H27:O27}), H27, I27-H27, J27-I27, K27-J27, L27-K27, M27-L27, N27-M27, O27-N27, 0); ""nan"&""", ""ignore""; ""color1"", iferror(choose(match(F27, {0, H27:O27}), ""#C5C3F2"", ""#B2CBEA"", ""#BAF6FC"", ""#6B94DF"", ""#5558AA"", ""#6e3f98"", ""#C080E4"", ""#F5BDE8"", ""#F5BDE8"" )) } )"),"") | H27: =IFERROR(__xludf.DUMMYFUNCTION("""COMPUTED_VALUE"""),350.0) -> 350 | I27: =IFERROR(__xludf.DUMMYFUNCTION("""COMPUTED_VALUE"""),400.0) -> 400 | J27: =IFERROR(__xludf.DUMMYFUNCTION("""COMPUTED_VALUE"""),450.0) -> 450 | K27: =IFERROR(__xludf.DUMMYFUNCTION("""COMPUTED_VALUE"""),500.0) -> 500 | L27: =IFERROR(__xludf.DUMMYFUNCTION("""COMPUTED_VALUE"""),550.0) -> 550 | M27: =IFERROR(__xludf.DUMMYFUNCTION("""COMPUTED_VALUE"""),600.0) -> 600 | N27: =IFERROR(__xludf.DUMMYFUNCTION("""COMPUTED_VALUE"""),640.0) -> 640 | O27: =IFERROR(__xludf.DUMMYFUNCTION("""COMPUTED_VALUE"""),680.0) -> 680
B28: Evasive | C28: =IFERROR(__xludf.DUMMYFUNCTION("""COMPUTED_VALUE"""),"domiSwitch Easy Slower") -> domiSwitch Easy Slower | D28: =round(brank!$D27*100,0)&"%" -> 0% | G28: =IFERROR(__xludf.DUMMYFUNCTION("sparkline( F28 - choose(match(F28, {0, H28:O28}), 0, H28, I28, J28, K28, L28, M28, N28, O28), { ""charttype"", ""bar""; ""max"", choose(match(F28, {0, H28:O28}), H28, I28-H28, J28-I28, K28-J28, L28-K28, M28-L28, N28-M28, O28-N28, 0); ""nan"&""", ""ignore""; ""color1"", iferror(choose(match(F28, {0, H28:O28}), ""#C5C3F2"", ""#B2CBEA"", ""#BAF6FC"", ""#6B94DF"", ""#5558AA"", ""#6e3f98"", ""#C080E4"", ""#F5BDE8"", ""#F5BDE8"" )) } )"),"") | H28: =IFERROR(__xludf.DUMMYFUNCTION("""COMPUTED_VALUE"""),3200.0) -> 3200 | I28: =IFERROR(__xludf.DUMMYFUNCTION("""COMPUTED_VALUE"""),3700.0) -> 3700 | J28: =IFERROR(__xludf.DUMMYFUNCTION("""COMPUTED_VALUE"""),4200.0) -> 4200 | K28: =IFERROR(__xludf.DUMMYFUNCTION("""COMPUTED_VALUE"""),4600.0) -> 4600 | L28: =IFERROR(__xludf.DUMMYFUNCTION("""COMPUTED_VALUE"""),5000.0) -> 5000 | M28: =IFERROR(__xludf.DUMMYFUNCTION("""COMPUTED_VALUE"""),5400.0) -> 5400 | N28: =IFERROR(__xludf.DUMMYFUNCTION("""COMPUTED_VALUE"""),5800.0) -> 5800 | O28: =IFERROR(__xludf.DUMMYFUNCTION("""COMPUTED_VALUE"""),6300.0) -> 6300
C29: =IFERROR(__xludf.DUMMYFUNCTION("""COMPUTED_VALUE"""),"tamTargetSwitch Smooth Easy") -> tamTargetSwitch Smooth Easy | D29: =round(brank!$D28*100,0)&"%" -> 0% | G29: =IFERROR(__xludf.DUMMYFUNCTION("sparkline( F29 - choose(match(F29, {0, H29:O29}), 0, H29, I29, J29, K29, L29, M29, N29, O29), { ""charttype"", ""bar""; ""max"", choose(match(F29, {0, H29:O29}), H29, I29-H29, J29-I29, K29-J29, L29-K29, M29-L29, N29-M29, O29-N29, 0); ""nan"&""", ""ignore""; ""color1"", iferror(choose(match(F29, {0, H29:O29}), ""#C5C3F2"", ""#B2CBEA"", ""#BAF6FC"", ""#6B94DF"", ""#5558AA"", ""#6e3f98"", ""#C080E4"", ""#F5BDE8"", ""#F5BDE8"" )) } )"),"") | H29: =IFERROR(__xludf.DUMMYFUNCTION("""COMPUTED_VALUE"""),7.0) -> 7 | I29: =IFERROR(__xludf.DUMMYFUNCTION("""COMPUTED_VALUE"""),11.0) -> 11 | J29: =IFERROR(__xludf.DUMMYFUNCTION("""COMPUTED_VALUE"""),15.0) -> 15 | K29: =IFERROR(__xludf.DUMMYFUNCTION("""COMPUTED_VALUE"""),18.0) -> 18 | L29: =IFERROR(__xludf.DUMMYFUNCTION("""COMPUTED_VALUE"""),21.0) -> 21 | M29: =IFERROR(__xludf.DUMMYFUNCTION("""COMPUTED_VALUE"""),24.0) -> 24 | N29: =IFERROR(__xludf.DUMMYFUNCTION("""COMPUTED_VALUE"""),26.0) -> 26 | O29: =IFERROR(__xludf.DUMMYFUNCTION("""COMPUTED_VALUE"""),28.0) -> 28
A30: Dynamic Clicking | B30: Reading | C30: =IFERROR(__xludf.DUMMYFUNCTION("""COMPUTED_VALUE"""),"1wall5targets_pasu slow") -> 1wall5targets_pasu slow | D30: =round(brank!$D29*100,0)&"%" -> 0% | G30: =IFERROR(__xludf.DUMMYFUNCTION("sparkline( F30 - choose(match(F30, {0, H30:O30}), 0, H30, I30, J30, K30, L30, M30, N30, O30), { ""charttype"", ""bar""; ""max"", choose(match(F30, {0, H30:O30}), H30, I30-H30, J30-I30, K30-J30, L30-K30, M30-L30, N30-M30, O30-N30, 0); ""nan"&""", ""ignore""; ""color1"", iferror(choose(match(F30, {0, H30:O30}), ""#C5C3F2"", ""#B2CBEA"", ""#BAF6FC"", ""#6B94DF"", ""#5558AA"", ""#6e3f98"", ""#C080E4"", ""#F5BDE8"", ""#F5BDE8"" )) } )"),"") | H30: =IFERROR(__xludf.DUMMYFUNCTION("""COMPUTED_VALUE"""),76.0) -> 76 | I30: =IFERROR(__xludf.DUMMYFUNCTION("""COMPUTED_VALUE"""),88.0) -> 88 | J30: =IFERROR(__xludf.DUMMYFUNCTION("""COMPUTED_VALUE"""),100.0) -> 100 | K30: =IFERROR(__xludf.DUMMYFUNCTION("""COMPUTED_VALUE"""),110.0) -> 110 | L30: =IFERROR(__xludf.DUMMYFUNCTION("""COMPUTED_VALUE"""),120.0) -> 120 | M30: =IFERROR(__xludf.DUMMYFUNCTION("""COMPUTED_VALUE"""),130.0) -> 130 | N30: =IFERROR(__xludf.DUMMYFUNCTION("""COMPUTED_VALUE"""),140.0) -> 140 | O30: =IFERROR(__xludf.DUMMYFUNCTION("""COMPUTED_VALUE"""),150.0) -> 150
C31: =IFERROR(__xludf.DUMMYFUNCTION("""COMPUTED_VALUE"""),"B180 Voltaic Easy 92%") -> B180 Voltaic Easy 92% | D31: =round(brank!$D30*100,0)&"%" -> 0% | G31: =IFERROR(__xludf.DUMMYFUNCTION("sparkline( F31 - choose(match(F31, {0, H31:O31}), 0, H31, I31, J31, K31, L31, M31, N31, O31), { ""charttype"", ""bar""; ""max"", choose(match(F31, {0, H31:O31}), H31, I31-H31, J31-I31, K31-J31, L31-K31, M31-L31, N31-M31, O31-N31, 0); ""nan"&""", ""ignore""; ""color1"", iferror(choose(match(F31, {0, H31:O31}), ""#C5C3F2"", ""#B2CBEA"", ""#BAF6FC"", ""#6B94DF"", ""#5558AA"", ""#6e3f98"", ""#C080E4"", ""#F5BDE8"", ""#F5BDE8"" )) } )"),"") | H31: =IFERROR(__xludf.DUMMYFUNCTION("""COMPUTED_VALUE"""),26.0) -> 26 | I31: =IFERROR(__xludf.DUMMYFUNCTION("""COMPUTED_VALUE"""),38.0) -> 38 | J31: =IFERROR(__xludf.DUMMYFUNCTION("""COMPUTED_VALUE"""),50.0) -> 50 | K31: =IFERROR(__xludf.DUMMYFUNCTION("""COMPUTED_VALUE"""),58.0) -> 58 | L31: =IFERROR(__xludf.DUMMYFUNCTION("""COMPUTED_VALUE"""),65.0) -> 65 | M31: =IFERROR(__xludf.DUMMYFUNCTION("""COMPUTED_VALUE"""),72.0) -> 72 | N31: =IFERROR(__xludf.DUMMYFUNCTION("""COMPUTED_VALUE"""),78.0) -> 78 | O31: =IFERROR(__xludf.DUMMYFUNCTION("""COMPUTED_VALUE"""),87.0) -> 87
C32: =IFERROR(__xludf.DUMMYFUNCTION("""COMPUTED_VALUE"""),"Controlsphere Click Easy") -> Controlsphere Click Easy | D32: =round(brank!$D31*100,0)&"%" -> 0% | G32: =IFERROR(__xludf.DUMMYFUNCTION("sparkline( F32 - choose(match(F32, {0, H32:O32}), 0, H32, I32, J32, K32, L32, M32, N32, O32), { ""charttype"", ""bar""; ""max"", choose(match(F32, {0, H32:O32}), H32, I32-H32, J32-I32, K32-J32, L32-K32, M32-L32, N32-M32, O32-N32, 0); ""nan"&""", ""ignore""; ""color1"", iferror(choose(match(F32, {0, H32:O32}), ""#C5C3F2"", ""#B2CBEA"", ""#BAF6FC"", ""#6B94DF"", ""#5558AA"", ""#6e3f98"", ""#C080E4"", ""#F5BDE8"", ""#F5BDE8"" )) } )"),"") | H32: =IFERROR(__xludf.DUMMYFUNCTION("""COMPUTED_VALUE"""),15.0) -> 15 | I32: =IFERROR(__xludf.DUMMYFUNCTION("""COMPUTED_VALUE"""),21.0) -> 21 | J32: =IFERROR(__xludf.DUMMYFUNCTION("""COMPUTED_VALUE"""),27.0) -> 27 | K32: =IFERROR(__xludf.DUMMYFUNCTION("""COMPUTED_VALUE"""),33.0) -> 33 | L32: =IFERROR(__xludf.DUMMYFUNCTION("""COMPUTED_VALUE"""),39.0) -> 39 | M32: =IFERROR(__xludf.DUMMYFUNCTION("""COMPUTED_VALUE"""),45.0) -> 45 | N32: =IFERROR(__xludf.DUMMYFUNCTION("""COMPUTED_VALUE"""),50.0) -> 50 | O32: =IFERROR(__xludf.DUMMYFUNCTION("""COMPUTED_VALUE"""),55.0) -> 55
B33: Precision | C33: =IFERROR(__xludf.DUMMYFUNCTION("""COMPUTED_VALUE"""),"Popcorn MV Novice") -> Popcorn MV Novice | D33: =round(brank!$D32*100,0)&"%" -> 0% | G33: =IFERROR(__xludf.DUMMYFUNCTION("sparkline( F33 - choose(match(F33, {0, H33:O33}), 0, H33, I33, J33, K33, L33, M33, N33, O33), { ""charttype"", ""bar""; ""max"", choose(match(F33, {0, H33:O33}), H33, I33-H33, J33-I33, K33-J33, L33-K33, M33-L33, N33-M33, O33-N33, 0); ""nan"&""", ""ignore""; ""color1"", iferror(choose(match(F33, {0, H33:O33}), ""#C5C3F2"", ""#B2CBEA"", ""#BAF6FC"", ""#6B94DF"", ""#5558AA"", ""#6e3f98"", ""#C080E4"", ""#F5BDE8"", ""#F5BDE8"" )) } )"),"") | H33: =IFERROR(__xludf.DUMMYFUNCTION("""COMPUTED_VALUE"""),50.0) -> 50 | I33: =IFERROR(__xludf.DUMMYFUNCTION("""COMPUTED_VALUE"""),100.0) -> 100 | J33: =IFERROR(__xludf.DUMMYFUNCTION("""COMPUTED_VALUE"""),150.0) -> 150 | K33: =IFERROR(__xludf.DUMMYFUNCTION("""COMPUTED_VALUE"""),190.0) -> 190 | L33: =IFERROR(__xludf.DUMMYFUNCTION("""COMPUTED_VALUE"""),230.0) -> 230 | M33: =IFERROR(__xludf.DUMMYFUNCTION("""COMPUTED_VALUE"""),270.0) -> 270 | N33: =IFERROR(__xludf.DUMMYFUNCTION("""COMPUTED_VALUE"""),300.0) -> 300 | O33: =IFERROR(__xludf.DUMMYFUNCTION("""COMPUTED_VALUE"""),330.0) -> 330
C34: =IFERROR(__xludf.DUMMYFUNCTION("""COMPUTED_VALUE"""),"Pasu Angelic 20% Larger 80% Speed") -> Pasu Angelic 20% Larger 80% Speed | D34: =round(brank!$D33*100,0)&"%" -> 0% | G34: =IFERROR(__xludf.DUMMYFUNCTION("sparkline( F34 - choose(match(F34, {0, H34:O34}), 0, H34, I34, J34, K34, L34, M34, N34, O34), { ""charttype"", ""bar""; ""max"", choose(match(F34, {0, H34:O34}), H34, I34-H34, J34-I34, K34-J34, L34-K34, M34-L34, N34-M34, O34-N34, 0); ""nan"&""", ""ignore""; ""color1"", iferror(choose(match(F34, {0, H34:O34}), ""#C5C3F2"", ""#B2CBEA"", ""#BAF6FC"", ""#6B94DF"", ""#5558AA"", ""#6e3f98"", ""#C080E4"", ""#F5BDE8"", ""#F5BDE8"" )) } )"),"") | H34: =IFERROR(__xludf.DUMMYFUNCTION("""COMPUTED_VALUE"""),51.0) -> 51 | I34: =IFERROR(__xludf.DUMMYFUNCTION("""COMPUTED_VALUE"""),58.0) -> 58 | J34: =IFERROR(__xludf.DUMMYFUNCTION("""COMPUTED_VALUE"""),65.0) -> 65 | K34: =IFERROR(__xludf.DUMMYFUNCTION("""COMPUTED_VALUE"""),72.0) -> 72 | L34: =IFERROR(__xludf.DUMMYFUNCTION("""COMPUTED_VALUE"""),78.0) -> 78 | M34: =IFERROR(__xludf.DUMMYFUNCTION("""COMPUTED_VALUE"""),84.0) -> 84 | N34: =IFERROR(__xludf.DUMMYFUNCTION("""COMPUTED_VALUE"""),90.0) -> 90 | O34: =IFERROR(__xludf.DUMMYFUNCTION("""COMPUTED_VALUE"""),97.0) -> 97
C35: =IFERROR(__xludf.DUMMYFUNCTION("""COMPUTED_VALUE"""),"1w2ts Pasu Perfected Easy") -> 1w2ts Pasu Perfected Easy | D35: =round(brank!$D34*100,0)&"%" -> 0% | G35: =IFERROR(__xludf.DUMMYFUNCTION("sparkline( F35 - choose(match(F35, {0, H35:O35}), 0, H35, I35, J35, K35, L35, M35, N35, O35), { ""charttype"", ""bar""; ""max"", choose(match(F35, {0, H35:O35}), H35, I35-H35, J35-I35, K35-J35, L35-K35, M35-L35, N35-M35, O35-N35, 0); ""nan"&""", ""ignore""; ""color1"", iferror(choose(match(F35, {0, H35:O35}), ""#C5C3F2"", ""#B2CBEA"", ""#BAF6FC"", ""#6B94DF"", ""#5558AA"", ""#6e3f98"", ""#C080E4"", ""#F5BDE8"", ""#F5BDE8"" )) } )"),"") | H35: =IFERROR(__xludf.DUMMYFUNCTION("""COMPUTED_VALUE"""),58.0) -> 58 | I35: =IFERROR(__xludf.DUMMYFUNCTION("""COMPUTED_VALUE"""),69.0) -> 69 | J35: =IFERROR(__xludf.DUMMYFUNCTION("""COMPUTED_VALUE"""),80.0) -> 80 | K35: =IFERROR(__xludf.DUMMYFUNCTION("""COMPUTED_VALUE"""),87.0) -> 87 | L35: =IFERROR(__xludf.DUMMYFUNCTION("""COMPUTED_VALUE"""),93.0) -> 93 | M35: =IFERROR(__xludf.DUMMYFUNCTION("""COMPUTED_VALUE"""),99.0) -> 99 | N35: =IFERROR(__xludf.DUMMYFUNCTION("""COMPUTED_VALUE"""),105.0) -> 105 | O35: =IFERROR(__xludf.DUMMYFUNCTION("""COMPUTED_VALUE"""),110.0) -> 110
B36: Linear | C36: =IFERROR(__xludf.DUMMYFUNCTION("""COMPUTED_VALUE"""),"1w3ts Pasu Perfected Micro Goated Larger 80%") -> 1w3ts Pasu Perfected Micro Goated Larger 80% | D36: =round(brank!$D35*100,0)&"%" -> 0% | G36: =IFERROR(__xludf.DUMMYFUNCTION("sparkline( F36 - choose(match(F36, {0, H36:O36}), 0, H36, I36, J36, K36, L36, M36, N36, O36), { ""charttype"", ""bar""; ""max"", choose(match(F36, {0, H36:O36}), H36, I36-H36, J36-I36, K36-J36, L36-K36, M36-L36, N36-M36, O36-N36, 0); ""nan"&""", ""ignore""; ""color1"", iferror(choose(match(F36, {0, H36:O36}), ""#C5C3F2"", ""#B2CBEA"", ""#BAF6FC"", ""#6B94DF"", ""#5558AA"", ""#6e3f98"", ""#C080E4"", ""#F5BDE8"", ""#F5BDE8"" )) } )"),"") | H36: =IFERROR(__xludf.DUMMYFUNCTION("""COMPUTED_VALUE"""),600.0) -> 600 | I36: =IFERROR(__xludf.DUMMYFUNCTION("""COMPUTED_VALUE"""),700.0) -> 700 | J36: =IFERROR(__xludf.DUMMYFUNCTION("""COMPUTED_VALUE"""),800.0) -> 800 | K36: =IFERROR(__xludf.DUMMYFUNCTION("""COMPUTED_VALUE"""),900.0) -> 900 | L36: =IFERROR(__xludf.DUMMYFUNCTION("""COMPUTED_VALUE"""),1000.0) -> 1000 | M36: =IFERROR(__xludf.DUMMYFUNCTION("""COMPUTED_VALUE"""),1100.0) -> 1100 | N36: =IFERROR(__xludf.DUMMYFUNCTION("""COMPUTED_VALUE"""),1200.0) -> 1200 | O36: =IFERROR(__xludf.DUMMYFUNCTION("""COMPUTED_VALUE"""),1300.0) -> 1300
C37: =IFERROR(__xludf.DUMMYFUNCTION("""COMPUTED_VALUE"""),"Floating Heads Timing 400% Larger") -> Floating Heads Timing 400% Larger | D37: =round(brank!$D36*100,0)&"%" -> 0% | G37: =IFERROR(__xludf.DUMMYFUNCTION("sparkline( F37 - choose(match(F37, {0, H37:O37}), 0, H37, I37, J37, K37, L37, M37, N37, O37), { ""charttype"", ""bar""; ""max"", choose(match(F37, {0, H37:O37}), H37, I37-H37, J37-I37, K37-J37, L37-K37, M37-L37, N37-M37, O37-N37, 0); ""nan"&""", ""ignore""; ""color1"", iferror(choose(match(F37, {0, H37:O37}), ""#C5C3F2"", ""#B2CBEA"", ""#BAF6FC"", ""#6B94DF"", ""#5558AA"", ""#6e3f98"", ""#C080E4"", ""#F5BDE8"", ""#F5BDE8"" )) } )"),"") | H37: =IFERROR(__xludf.DUMMYFUNCTION("""COMPUTED_VALUE"""),400.0) -> 400 | I37: =IFERROR(__xludf.DUMMYFUNCTION("""COMPUTED_VALUE"""),700.0) -> 700 | J37: =IFERROR(__xludf.DUMMYFUNCTION("""COMPUTED_VALUE"""),1000.0) -> 1000 | K37: =IFERROR(__xludf.DUMMYFUNCTION("""COMPUTED_VALUE"""),1350.0) -> 1350 | L37: =IFERROR(__xludf.DUMMYFUNCTION("""COMPUTED_VALUE"""),1700.0) -> 1700 | M37: =IFERROR(__xludf.DUMMYFUNCTION("""COMPUTED_VALUE"""),2050.0) -> 2050 | N37: =IFERROR(__xludf.DUMMYFUNCTION("""COMPUTED_VALUE"""),2400.0) -> 2400 | O37: =IFERROR(__xludf.DUMMYFUNCTION("""COMPUTED_VALUE"""),2750.0) -> 2750
C38: =IFERROR(__xludf.DUMMYFUNCTION("""COMPUTED_VALUE"""),"voxTargetSwitch Click ") -> voxTargetSwitch Click | D38: =round(brank!$D37*100,0)&"%" -> 0% | G38: =IFERROR(__xludf.DUMMYFUNCTION("sparkline( F38 - choose(match(F38, {0, H38:O38}), 0, H38, I38, J38, K38, L38, M38, N38, O38), { ""charttype"", ""bar""; ""max"", choose(match(F38, {0, H38:O38}), H38, I38-H38, J38-I38, K38-J38, L38-K38, M38-L38, N38-M38, O38-N38, 0); ""nan"&""", ""ignore""; ""color1"", iferror(choose(match(F38, {0, H38:O38}), ""#C5C3F2"", ""#B2CBEA"", ""#BAF6FC"", ""#6B94DF"", ""#5558AA"", ""#6e3f98"", ""#C080E4"", ""#F5BDE8"", ""#F5BDE8"" )) } )"),"") | H38: =IFERROR(__xludf.DUMMYFUNCTION("""COMPUTED_VALUE"""),49.0) -> 49 | I38: =IFERROR(__xludf.DUMMYFUNCTION("""COMPUTED_VALUE"""),59.0) -> 59 | J38: =IFERROR(__xludf.DUMMYFUNCTION("""COMPUTED_VALUE"""),67.0) -> 67 | K38: =IFERROR(__xludf.DUMMYFUNCTION("""COMPUTED_VALUE"""),74.0) -> 74 | L38: =IFERROR(__xludf.DUMMYFUNCTION("""COMPUTED_VALUE"""),81.0) -> 81 | M38: =IFERROR(__xludf.DUMMYFUNCTION("""COMPUTED_VALUE"""),88.0) -> 88 | N38: =IFERROR(__xludf.DUMMYFUNCTION("""COMPUTED_VALUE"""),94.0) -> 94 | O38: =IFERROR(__xludf.DUMMYFUNCTION("""COMPUTED_VALUE"""),100.0) -> 100

Sheet Medium Scenarios
A1: Viscose Medium Scenarios | E1: =irank!A1 -> Unranked | H1: ="Playlist Code: " -> Playlist Code: | J1: KovaaKsVibratingFlankedLurker
C2: Scenario | D2: =round((sum(irank!D2:irank!D37)*100),0) -> 0 | E2: =" High Score" -> High Score | G2: Progress | H2: Cinnabar | I2: Vermillion | J2: Saffron | K2: Celadon | L2: Cerulean | M2: Lavender | N2: Indigo | O2: Fuchsia | Q2: MissColourz | R2: Viscose
A3: Control Tracking | B3: Arm | C3: =IFERROR(__xludf.DUMMYFUNCTION("importrange(""https://docs.google.com/spreadsheets/d/1k3XRRwn-mAbvb3rXIODFPrsnkgSEfh0xg1EWJICcSPo/edit?usp=sharing"",""Intermediate!C3:C38"")"),"WhisphereRawControl") -> WhisphereRawControl | D3: =round(irank!$D2*100,0)&"%" -> 0% | G3: =IFERROR(__xludf.DUMMYFUNCTION("sparkline( F3 - choose(match(F3, {0, H3:O3}), 0, H3, I3, J3, K3, L3, M3, N3, O3), { ""charttype"", ""bar""; ""max"", choose(match(F3, {0, H3:O3}), H3, I3-H3, J3-I3, K3-J3, L3-K3, M3-L3, N3-M3, O3-N3, 0); ""nan"", ""ignore""; ""color1"""&", iferror(choose(match(F3, {0, H3:O3}), ""#CE3D30"", ""#F85939"", ""#F1C338"", ""#9CFF91"", ""#02A4D3"", ""#C2C2FF"", ""#5C3896"", ""#C74375"", ""#C74375"" )) } )"),"") | H3: =IFERROR(__xludf.DUMMYFUNCTION("importrange(""https://docs.google.com/spreadsheets/d/1k3XRRwn-mAbvb3rXIODFPrsnkgSEfh0xg1EWJICcSPo/edit?gid=0#gid=0"",""Intermediate!D3:N38"")"),5300.0) -> 5300 | I3: =IFERROR(__xludf.DUMMYFUNCTION("""COMPUTED_VALUE"""),6700.0) -> 6700 | J3: =IFERROR(__xludf.DUMMYFUNCTION("""COMPUTED_VALUE"""),7600.0) -> 7600 | K3: =IFERROR(__xludf.DUMMYFUNCTION("""COMPUTED_VALUE"""),8800.0) -> 8800 | L3: =IFERROR(__xludf.DUMMYFUNCTION("""COMPUTED_VALUE"""),10000.0) -> 10000 | M3: =IFERROR(__xludf.DUMMYFUNCTION("""COMPUTED_VALUE"""),10900.0) -> 10900 | N3: =IFERROR(__xludf.DUMMYFUNCTION("""COMPUTED_VALUE"""),11800.0) -> 11800 | O3: =IFERROR(__xludf.DUMMYFUNCTION("""COMPUTED_VALUE"""),13000.0) -> 13000 | Q3: =IFERROR(__xludf.DUMMYFUNCTION("""COMPUTED_VALUE"""),12408.0) -> 12408 | R3: =IFERROR(__xludf.DUMMYFUNCTION("""COMPUTED_VALUE"""),14739.0) -> 14739
C4: =IFERROR(__xludf.DUMMYFUNCTION("""COMPUTED_VALUE"""),"Whisphere ") -> Whisphere | D4: =round(irank!$D3*100,0)&"%" -> 0% | G4: =IFERROR(__xludf.DUMMYFUNCTION("sparkline( F4 - choose(match(F4, {0, H4:O4}), 0, H4, I4, J4, K4, L4, M4, N4, O4), { ""charttype"", ""bar""; ""max"", choose(match(F4, {0, H4:O4}), H4, I4-H4, J4-I4, K4-J4, L4-K4, M4-L4, N4-M4, O4-N4, 0); ""nan"", ""ignore""; ""color1"""&", iferror(choose(match(F4, {0, H4:O4}), ""#CE3D30"", ""#F85939"", ""#F1C338"", ""#9CFF91"", ""#02A4D3"", ""#C2C2FF"", ""#5C3896"", ""#C74375"", ""#C74375"" )) } )"),"") | H4: =IFERROR(__xludf.DUMMYFUNCTION("""COMPUTED_VALUE"""),5750.0) -> 5750 | I4: =IFERROR(__xludf.DUMMYFUNCTION("""COMPUTED_VALUE"""),8250.0) -> 8250 | J4: =IFERROR(__xludf.DUMMYFUNCTION("""COMPUTED_VALUE"""),10750.0) -> 10750 | K4: =IFERROR(__xludf.DUMMYFUNCTION("""COMPUTED_VALUE"""),13250.0) -> 13250 | L4: =IFERROR(__xludf.DUMMYFUNCTION("""COMPUTED_VALUE"""),15250.0) -> 15250 | M4: =IFERROR(__xludf.DUMMYFUNCTION("""COMPUTED_VALUE"""),17250.0) -> 17250 | N4: =IFERROR(__xludf.DUMMYFUNCTION("""COMPUTED_VALUE"""),19250.0) -> 19250 | O4: =IFERROR(__xludf.DUMMYFUNCTION("""COMPUTED_VALUE"""),20500.0) -> 20500 | Q4: =IFERROR(__xludf.DUMMYFUNCTION("""COMPUTED_VALUE"""),18200.0) -> 18200 | R4: =IFERROR(__xludf.DUMMYFUNCTION("""COMPUTED_VALUE"""),23410.0) -> 23410
C5: =IFERROR(__xludf.DUMMYFUNCTION("""COMPUTED_VALUE"""),"Smoothbot Invincible Goated") -> Smoothbot Invincible Goated | D5: =round(irank!$D4*100,0)&"%" -> 0% | G5: =IFERROR(__xludf.DUMMYFUNCTION("sparkline( F5 - choose(match(F5, {0, H5:O5}), 0, H5, I5, J5, K5, L5, M5, N5, O5), { ""charttype"", ""bar""; ""max"", choose(match(F5, {0, H5:O5}), H5, I5-H5, J5-I5, K5-J5, L5-K5, M5-L5, N5-M5, O5-N5, 0); ""nan"", ""ignore""; ""color1"""&", iferror(choose(match(F5, {0, H5:O5}), ""#CE3D30"", ""#F85939"", ""#F1C338"", ""#9CFF91"", ""#02A4D3"", ""#C2C2FF"", ""#5C3896"", ""#C74375"", ""#C74375"" )) } )"),"") | H5: =IFERROR(__xludf.DUMMYFUNCTION("""COMPUTED_VALUE"""),1700.0) -> 1700 | I5: =IFERROR(__xludf.DUMMYFUNCTION("""COMPUTED_VALUE"""),2200.0) -> 2200 | J5: =IFERROR(__xludf.DUMMYFUNCTION("""COMPUTED_VALUE"""),2750.0) -> 2750 | K5: =IFERROR(__xludf.DUMMYFUNCTION("""COMPUTED_VALUE"""),3250.0) -> 3250 | L5: =IFERROR(__xludf.DUMMYFUNCTION("""COMPUTED_VALUE"""),3800.0) -> 3800 | M5: =IFERROR(__xludf.DUMMYFUNCTION("""COMPUTED_VALUE"""),4300.0) -> 4300 | N5: =IFERROR(__xludf.DUMMYFUNCTION("""COMPUTED_VALUE"""),4650.0) -> 4650 | O5: =IFERROR(__xludf.DUMMYFUNCTION("""COMPUTED_VALUE"""),5000.0) -> 5000 | Q5: =IFERROR(__xludf.DUMMYFUNCTION("""COMPUTED_VALUE"""),4320.0) -> 4320 | R5: =IFERROR(__xludf.DUMMYFUNCTION("""COMPUTED_VALUE"""),5538.0) -> 5538
B6: Wrist | C6: =IFERROR(__xludf.DUMMYFUNCTION("""COMPUTED_VALUE"""),"Leaptrack Goated 75% Slightly Larger") -> Leaptrack Goated 75% Slightly Larger | D6: =round(irank!$D5*100,0)&"%" -> 0% | G6: =IFERROR(__xludf.DUMMYFUNCTION("sparkline( F6 - choose(match(F6, {0, H6:O6}), 0, H6, I6, J6, K6, L6, M6, N6, O6), { ""charttype"", ""bar""; ""max"", choose(match(F6, {0, H6:O6}), H6, I6-H6, J6-I6, K6-J6, L6-K6, M6-L6, N6-M6, O6-N6, 0); ""nan"", ""ignore""; ""color1"""&", iferror(choose(match(F6, {0, H6:O6}), ""#CE3D30"", ""#F85939"", ""#F1C338"", ""#9CFF91"", ""#02A4D3"", ""#C2C2FF"", ""#5C3896"", ""#C74375"", ""#C74375"" )) } )"),"") | H6: =IFERROR(__xludf.DUMMYFUNCTION("""COMPUTED_VALUE"""),1400.0) -> 1400 | I6: =IFERROR(__xludf.DUMMYFUNCTION("""COMPUTED_VALUE"""),1750.0) -> 1750 | J6: =IFERROR(__xludf.DUMMYFUNCTION("""COMPUTED_VALUE"""),2000.0) -> 2000 | K6: =IFERROR(__xludf.DUMMYFUNCTION("""COMPUTED_VALUE"""),2250.0) -> 2250 | L6: =IFERROR(__xludf.DUMMYFUNCTION("""COMPUTED_VALUE"""),2500.0) -> 2500 | M6: =IFERROR(__xludf.DUMMYFUNCTION("""COMPUTED_VALUE"""),2750.0) -> 2750 | N6: =IFERROR(__xludf.DUMMYFUNCTION("""COMPUTED_VALUE"""),3000.0) -> 3000 | O6: =IFERROR(__xludf.DUMMYFUNCTION("""COMPUTED_VALUE"""),3275.0) -> 3275 | Q6: =IFERROR(__xludf.DUMMYFUNCTION("""COMPUTED_VALUE"""),2841.0) -> 2841 | R6: =IFERROR(__xludf.DUMMYFUNCTION("""COMPUTED_VALUE"""),3472.0) -> 3472
C7: =IFERROR(__xludf.DUMMYFUNCTION("""COMPUTED_VALUE"""),"Controlsphere rAim Easy") -> Controlsphere rAim Easy | D7: =round(irank!$D6*100,0)&"%" -> 0% | G7: =IFERROR(__xludf.DUMMYFUNCTION("sparkline( F7 - choose(match(F7, {0, H7:O7}), 0, H7, I7, J7, K7, L7, M7, N7, O7), { ""charttype"", ""bar""; ""max"", choose(match(F7, {0, H7:O7}), H7, I7-H7, J7-I7, K7-J7, L7-K7, M7-L7, N7-M7, O7-N7, 0); ""nan"", ""ignore""; ""color1"""&", iferror(choose(match(F7, {0, H7:O7}), ""#CE3D30"", ""#F85939"", ""#F1C338"", ""#9CFF91"", ""#02A4D3"", ""#C2C2FF"", ""#5C3896"", ""#C74375"", ""#C74375"" )) } )"),"") | H7: =IFERROR(__xludf.DUMMYFUNCTION("""COMPUTED_VALUE"""),7400.0) -> 7400 | I7: =IFERROR(__xludf.DUMMYFUNCTION("""COMPUTED_VALUE"""),8500.0) -> 8500 | J7: =IFERROR(__xludf.DUMMYFUNCTION("""COMPUTED_VALUE"""),9600.0) -> 9600 | K7: =IFERROR(__xludf.DUMMYFUNCTION("""COMPUTED_VALUE"""),10700.0) -> 10700 | L7: =IFERROR(__xludf.DUMMYFUNCTION("""COMPUTED_VALUE"""),11900.0) -> 11900 | M7: =IFERROR(__xludf.DUMMYFUNCTION("""COMPUTED_VALUE"""),13100.0) -> 13100 | N7: =IFERROR(__xludf.DUMMYFUNCTION("""COMPUTED_VALUE"""),14300.0) -> 14300 | O7: =IFERROR(__xludf.DUMMYFUNCTION("""COMPUTED_VALUE"""),15100.0) -> 15100 | Q7: =IFERROR(__xludf.DUMMYFUNCTION("""COMPUTED_VALUE"""),14598.0) -> 14598 | R7: =IFERROR(__xludf.DUMMYFUNCTION("""COMPUTED_VALUE"""),15909.0) -> 15909
C8: =IFERROR(__xludf.DUMMYFUNCTION("""COMPUTED_VALUE"""),"VT Controlsphere Novice S5 Hard") -> VT Controlsphere Novice S5 Hard | D8: =round(irank!$D7*100,0)&"%" -> 0% | G8: =IFERROR(__xludf.DUMMYFUNCTION("sparkline( F8 - choose(match(F8, {0, H8:O8}), 0, H8, I8, J8, K8, L8, M8, N8, O8), { ""charttype"", ""bar""; ""max"", choose(match(F8, {0, H8:O8}), H8, I8-H8, J8-I8, K8-J8, L8-K8, M8-L8, N8-M8, O8-N8, 0); ""nan"", ""ignore""; ""color1"""&", iferror(choose(match(F8, {0, H8:O8}), ""#CE3D30"", ""#F85939"", ""#F1C338"", ""#9CFF91"", ""#02A4D3"", ""#C2C2FF"", ""#5C3896"", ""#C74375"", ""#C74375"" )) } )"),"") | H8: =IFERROR(__xludf.DUMMYFUNCTION("""COMPUTED_VALUE"""),2100.0) -> 2100 | I8: =IFERROR(__xludf.DUMMYFUNCTION("""COMPUTED_VALUE"""),2500.0) -> 2500 | J8: =IFERROR(__xludf.DUMMYFUNCTION("""COMPUTED_VALUE"""),2950.0) -> 2950 | K8: =IFERROR(__xludf.DUMMYFUNCTION("""COMPUTED_VALUE"""),3250.0) -> 3250 | L8: =IFERROR(__xludf.DUMMYFUNCTION("""COMPUTED_VALUE"""),3550.0) -> 3550 | M8: =IFERROR(__xludf.DUMMYFUNCTION("""COMPUTED_VALUE"""),3800.0) -> 3800 | N8: =IFERROR(__xludf.DUMMYFUNCTION("""COMPUTED_VALUE"""),4100.0) -> 4100 | O8: =IFERROR(__xludf.DUMMYFUNCTION("""COMPUTED_VALUE"""),4400.0) -> 4400 | Q8: =IFERROR(__xludf.DUMMYFUNCTION("""COMPUTED_VALUE"""),4218.0) -> 4218 | R8: =IFERROR(__xludf.DUMMYFUNCTION("""COMPUTED_VALUE"""),4881.0) -> 4881
B9: Fingertip | C9: =IFERROR(__xludf.DUMMYFUNCTION("""COMPUTED_VALUE"""),"Air Angelic 4 Voltaic Easy") -> Air Angelic 4 Voltaic Easy | D9: =round(irank!$D8*100,0)&"%" -> 0% | G9: =IFERROR(__xludf.DUMMYFUNCTION("sparkline( F9 - choose(match(F9, {0, H9:O9}), 0, H9, I9, J9, K9, L9, M9, N9, O9), { ""charttype"", ""bar""; ""max"", choose(match(F9, {0, H9:O9}), H9, I9-H9, J9-I9, K9-J9, L9-K9, M9-L9, N9-M9, O9-N9, 0); ""nan"", ""ignore""; ""color1"""&", iferror(choose(match(F9, {0, H9:O9}), ""#CE3D30"", ""#F85939"", ""#F1C338"", ""#9CFF91"", ""#02A4D3"", ""#C2C2FF"", ""#5C3896"", ""#C74375"", ""#C74375"" )) } )"),"") | H9: =IFERROR(__xludf.DUMMYFUNCTION("""COMPUTED_VALUE"""),1900.0) -> 1900 | I9: =IFERROR(__xludf.DUMMYFUNCTION("""COMPUTED_VALUE"""),2300.0) -> 2300 | J9: =IFERROR(__xludf.DUMMYFUNCTION("""COMPUTED_VALUE"""),2650.0) -> 2650 | K9: =IFERROR(__xludf.DUMMYFUNCTION("""COMPUTED_VALUE"""),3000.0) -> 3000 | L9: =IFERROR(__xludf.DUMMYFUNCTION("""COMPUTED_VALUE"""),3400.0) -> 3400 | M9: =IFERROR(__xludf.DUMMYFUNCTION("""COMPUTED_VALUE"""),3750.0) -> 3750 | N9: =IFERROR(__xludf.DUMMYFUNCTION("""COMPUTED_VALUE"""),4100.0) -> 4100 | O9: =IFERROR(__xludf.DUMMYFUNCTION("""COMPUTED_VALUE"""),4450.0) -> 4450 | Q9: =IFERROR(__xludf.DUMMYFUNCTION("""COMPUTED_VALUE"""),4295.0) -> 4295 | R9: =IFERROR(__xludf.DUMMYFUNCTION("""COMPUTED_VALUE"""),4995.0) -> 4995
C10: =IFERROR(__xludf.DUMMYFUNCTION("""COMPUTED_VALUE"""),"Cloverrawcontrol Easy") -> Cloverrawcontrol Easy | D10: =round(irank!$D9*100,0)&"%" -> 0% | G10: =IFERROR(__xludf.DUMMYFUNCTION("sparkline( F10 - choose(match(F10, {0, H10:O10}), 0, H10, I10, J10, K10, L10, M10, N10, O10), { ""charttype"", ""bar""; ""max"", choose(match(F10, {0, H10:O10}), H10, I10-H10, J10-I10, K10-J10, L10-K10, M10-L10, N10-M10, O10-N10, 0); ""nan"&""", ""ignore""; ""color1"", iferror(choose(match(F10, {0, H10:O10}), ""#CE3D30"", ""#F85939"", ""#F1C338"", ""#9CFF91"", ""#02A4D3"", ""#C2C2FF"", ""#5C3896"", ""#C74375"", ""#C74375"" )) } )"),"") | H10: =IFERROR(__xludf.DUMMYFUNCTION("""COMPUTED_VALUE"""),5000.0) -> 5000 | I10: =IFERROR(__xludf.DUMMYFUNCTION("""COMPUTED_VALUE"""),6100.0) -> 6100 | J10: =IFERROR(__xludf.DUMMYFUNCTION("""COMPUTED_VALUE"""),7000.0) -> 7000 | K10: =IFERROR(__xludf.DUMMYFUNCTION("""COMPUTED_VALUE"""),8100.0) -> 8100 | L10: =IFERROR(__xludf.DUMMYFUNCTION("""COMPUTED_VALUE"""),9200.0) -> 9200 | M10: =IFERROR(__xludf.DUMMYFUNCTION("""COMPUTED_VALUE"""),10100.0) -> 10100 | N10: =IFERROR(__xludf.DUMMYFUNCTION("""COMPUTED_VALUE"""),10900.0) -> 10900 | O10: =IFERROR(__xludf.DUMMYFUNCTION("""COMPUTED_VALUE"""),11700.0) -> 11700 | Q10: =IFERROR(__xludf.DUMMYFUNCTION("""COMPUTED_VALUE"""),12084.0) -> 12084 | R10: =IFERROR(__xludf.DUMMYFUNCTION("""COMPUTED_VALUE"""),13788.0) -> 13788
C11: =IFERROR(__xludf.DUMMYFUNCTION("""COMPUTED_VALUE"""),"Controlsphere Far Larger") -> Controlsphere Far Larger | D11: =round(irank!$D10*100,0)&"%" -> 0% | G11: =IFERROR(__xludf.DUMMYFUNCTION("sparkline( F11 - choose(match(F11, {0, H11:O11}), 0, H11, I11, J11, K11, L11, M11, N11, O11), { ""charttype"", ""bar""; ""max"", choose(match(F11, {0, H11:O11}), H11, I11-H11, J11-I11, K11-J11, L11-K11, M11-L11, N11-M11, O11-N11, 0); ""nan"&""", ""ignore""; ""color1"", iferror(choose(match(F11, {0, H11:O11}), ""#CE3D30"", ""#F85939"", ""#F1C338"", ""#9CFF91"", ""#02A4D3"", ""#C2C2FF"", ""#5C3896"", ""#C74375"", ""#C74375"" )) } )"),"") | H11: =IFERROR(__xludf.DUMMYFUNCTION("""COMPUTED_VALUE"""),7800.0) -> 7800 | I11: =IFERROR(__xludf.DUMMYFUNCTION("""COMPUTED_VALUE"""),8600.0) -> 8600 | J11: =IFERROR(__xludf.DUMMYFUNCTION("""COMPUTED_VALUE"""),9300.0) -> 9300 | K11: =IFERROR(__xludf.DUMMYFUNCTION("""COMPUTED_VALUE"""),10000.0) -> 10000 | L11: =IFERROR(__xludf.DUMMYFUNCTION("""COMPUTED_VALUE"""),10800.0) -> 10800 | M11: =IFERROR(__xludf.DUMMYFUNCTION("""COMPUTED_VALUE"""),11700.0) -> 11700 | N11: =IFERROR(__xludf.DUMMYFUNCTION("""COMPUTED_VALUE"""),12700.0) -> 12700 | O11: =IFERROR(__xludf.DUMMYFUNCTION("""COMPUTED_VALUE"""),13600.0) -> 13600 | Q11: =IFERROR(__xludf.DUMMYFUNCTION("""COMPUTED_VALUE"""),14319.0) -> 14319 | R11: =IFERROR(__xludf.DUMMYFUNCTION("""COMPUTED_VALUE"""),14823.0) -> 14823
B12: Blending | C12: =IFERROR(__xludf.DUMMYFUNCTION("""COMPUTED_VALUE"""),"PGTI Voltaic Easy") -> PGTI Voltaic Easy | D12: =round(irank!$D11*100,0)&"%" -> 0% | G12: =IFERROR(__xludf.DUMMYFUNCTION("sparkline( F12 - choose(match(F12, {0, H12:O12}), 0, H12, I12, J12, K12, L12, M12, N12, O12), { ""charttype"", ""bar""; ""max"", choose(match(F12, {0, H12:O12}), H12, I12-H12, J12-I12, K12-J12, L12-K12, M12-L12, N12-M12, O12-N12, 0); ""nan"&""", ""ignore""; ""color1"", iferror(choose(match(F12, {0, H12:O12}), ""#CE3D30"", ""#F85939"", ""#F1C338"", ""#9CFF91"", ""#02A4D3"", ""#C2C2FF"", ""#5C3896"", ""#C74375"", ""#C74375"" )) } )"),"") | H12: =IFERROR(__xludf.DUMMYFUNCTION("""COMPUTED_VALUE"""),800.0) -> 800 | I12: =IFERROR(__xludf.DUMMYFUNCTION("""COMPUTED_VALUE"""),1100.0) -> 1100 | J12: =IFERROR(__xludf.DUMMYFUNCTION("""COMPUTED_VALUE"""),1400.0) -> 1400 | K12: =IFERROR(__xludf.DUMMYFUNCTION("""COMPUTED_VALUE"""),1700.0) -> 1700 | L12: =IFERROR(__xludf.DUMMYFUNCTION("""COMPUTED_VALUE"""),2000.0) -> 2000 | M12: =IFERROR(__xludf.DUMMYFUNCTION("""COMPUTED_VALUE"""),2300.0) -> 2300 | N12: =IFERROR(__xludf.DUMMYFUNCTION("""COMPUTED_VALUE"""),2750.0) -> 2750 | O12: =IFERROR(__xludf.DUMMYFUNCTION("""COMPUTED_VALUE"""),3200.0) -> 3200 | Q12: =IFERROR(__xludf.DUMMYFUNCTION("""COMPUTED_VALUE"""),2639.0) -> 2639 | R12: =IFERROR(__xludf.DUMMYFUNCTION("""COMPUTED_VALUE"""),3950.0) -> 3950
C13: =IFERROR(__xludf.DUMMYFUNCTION("""COMPUTED_VALUE"""),"Air CELESTIAL No UFO Easy") -> Air CELESTIAL No UFO Easy | D13: =round(irank!$D12*100,0)&"%" -> 0% | G13: =IFERROR(__xludf.DUMMYFUNCTION("sparkline( F13 - choose(match(F13, {0, H13:O13}), 0, H13, I13, J13, K13, L13, M13, N13, O13), { ""charttype"", ""bar""; ""max"", choose(match(F13, {0, H13:O13}), H13, I13-H13, J13-I13, K13-J13, L13-K13, M13-L13, N13-M13, O13-N13, 0); ""nan"&""", ""ignore""; ""color1"", iferror(choose(match(F13, {0, H13:O13}), ""#CE3D30"", ""#F85939"", ""#F1C338"", ""#9CFF91"", ""#02A4D3"", ""#C2C2FF"", ""#5C3896"", ""#C74375"", ""#C74375"" )) } )"),"") | H13: =IFERROR(__xludf.DUMMYFUNCTION("""COMPUTED_VALUE"""),825.0) -> 825 | I13: =IFERROR(__xludf.DUMMYFUNCTION("""COMPUTED_VALUE"""),840.0) -> 840 | J13: =IFERROR(__xludf.DUMMYFUNCTION("""COMPUTED_VALUE"""),855.0) -> 855 | K13: =IFERROR(__xludf.DUMMYFUNCTION("""COMPUTED_VALUE"""),865.0) -> 865 | L13: =IFERROR(__xludf.DUMMYFUNCTION("""COMPUTED_VALUE"""),881.0) -> 881 | M13: =IFERROR(__xludf.DUMMYFUNCTION("""COMPUTED_VALUE"""),890.0) -> 890 | N13: =IFERROR(__xludf.DUMMYFUNCTION("""COMPUTED_VALUE"""),902.0) -> 902 | O13: =IFERROR(__xludf.DUMMYFUNCTION("""COMPUTED_VALUE"""),908.0) -> 908 | Q13: =IFERROR(__xludf.DUMMYFUNCTION("""COMPUTED_VALUE"""),897.0) -> 897 | R13: =IFERROR(__xludf.DUMMYFUNCTION("""COMPUTED_VALUE"""),919.11) -> 919.11
C14: =IFERROR(__xludf.DUMMYFUNCTION("""COMPUTED_VALUE"""),"Whisphere Small & Slow 75%") -> Whisphere Small & Slow 75% | D14: =round(irank!$D13*100,0)&"%" -> 0% | G14: =IFERROR(__xludf.DUMMYFUNCTION("sparkline( F14 - choose(match(F14, {0, H14:O14}), 0, H14, I14, J14, K14, L14, M14, N14, O14), { ""charttype"", ""bar""; ""max"", choose(match(F14, {0, H14:O14}), H14, I14-H14, J14-I14, K14-J14, L14-K14, M14-L14, N14-M14, O14-N14, 0); ""nan"&""", ""ignore""; ""color1"", iferror(choose(match(F14, {0, H14:O14}), ""#CE3D30"", ""#F85939"", ""#F1C338"", ""#9CFF91"", ""#02A4D3"", ""#C2C2FF"", ""#5C3896"", ""#C74375"", ""#C74375"" )) } )"),"") | H14: =IFERROR(__xludf.DUMMYFUNCTION("""COMPUTED_VALUE"""),5500.0) -> 5500 | I14: =IFERROR(__xludf.DUMMYFUNCTION("""COMPUTED_VALUE"""),7500.0) -> 7500 | J14: =IFERROR(__xludf.DUMMYFUNCTION("""COMPUTED_VALUE"""),9500.0) -> 9500 | K14: =IFERROR(__xludf.DUMMYFUNCTION("""COMPUTED_VALUE"""),11500.0) -> 11500 | L14: =IFERROR(__xludf.DUMMYFUNCTION("""COMPUTED_VALUE"""),13500.0) -> 13500 | M14: =IFERROR(__xludf.DUMMYFUNCTION("""COMPUTED_VALUE"""),15500.0) -> 15500 | N14: =IFERROR(__xludf.DUMMYFUNCTION("""COMPUTED_VALUE"""),17500.0) -> 17500 | O14: =IFERROR(__xludf.DUMMYFUNCTION("""COMPUTED_VALUE"""),19000.0) -> 19000 | Q14: =IFERROR(__xludf.DUMMYFUNCTION("""COMPUTED_VALUE"""),17820.0) -> 17820 | R14: =IFERROR(__xludf.DUMMYFUNCTION("""COMPUTED_VALUE"""),20300.0) -> 20300
A15: Reactive Tracking | B15: Control | C15: =IFERROR(__xludf.DUMMYFUNCTION("""COMPUTED_VALUE"""),"Ground Plaza Sparky v3") -> Ground Plaza Sparky v3 | D15: =round(irank!$D14*100,0)&"%" -> 0% | G15: =IFERROR(__xludf.DUMMYFUNCTION("sparkline( F15 - choose(match(F15, {0, H15:O15}), 0, H15, I15, J15, K15, L15, M15, N15, O15), { ""charttype"", ""bar""; ""max"", choose(match(F15, {0, H15:O15}), H15, I15-H15, J15-I15, K15-J15, L15-K15, M15-L15, N15-M15, O15-N15, 0); ""nan"&""", ""ignore""; ""color1"", iferror(choose(match(F15, {0, H15:O15}), ""#CE3D30"", ""#F85939"", ""#F1C338"", ""#9CFF91"", ""#02A4D3"", ""#C2C2FF"", ""#5C3896"", ""#C74375"", ""#C74375"" )) } )"),"") | H15: =IFERROR(__xludf.DUMMYFUNCTION("""COMPUTED_VALUE"""),862.0) -> 862 | I15: =IFERROR(__xludf.DUMMYFUNCTION("""COMPUTED_VALUE"""),872.0) -> 872 | J15: =IFERROR(__xludf.DUMMYFUNCTION("""COMPUTED_VALUE"""),882.0) -> 882 | K15: =IFERROR(__xludf.DUMMYFUNCTION("""COMPUTED_VALUE"""),888.0) -> 888 | L15: =IFERROR(__xludf.DUMMYFUNCTION("""COMPUTED_VALUE"""),894.0) -> 894 | M15: =IFERROR(__xludf.DUMMYFUNCTION("""COMPUTED_VALUE"""),900.0) -> 900 | N15: =IFERROR(__xludf.DUMMYFUNCTION("""COMPUTED_VALUE"""),905.0) -> 905 | O15: =IFERROR(__xludf.DUMMYFUNCTION("""COMPUTED_VALUE"""),909.0) -> 909 | Q15: =IFERROR(__xludf.DUMMYFUNCTION("""COMPUTED_VALUE"""),904.3) -> 904.3 | R15: =IFERROR(__xludf.DUMMYFUNCTION("""COMPUTED_VALUE"""),916.0) -> 916
C16: =IFERROR(__xludf.DUMMYFUNCTION("""COMPUTED_VALUE"""),"Controlsphere OW") -> Controlsphere OW | D16: =round(irank!$D15*100,0)&"%" -> 0% | G16: =IFERROR(__xludf.DUMMYFUNCTION("sparkline( F16 - choose(match(F16, {0, H16:O16}), 0, H16, I16, J16, K16, L16, M16, N16, O16), { ""charttype"", ""bar""; ""max"", choose(match(F16, {0, H16:O16}), H16, I16-H16, J16-I16, K16-J16, L16-K16, M16-L16, N16-M16, O16-N16, 0); ""nan"&""", ""ignore""; ""color1"", iferror(choose(match(F16, {0, H16:O16}), ""#CE3D30"", ""#F85939"", ""#F1C338"", ""#9CFF91"", ""#02A4D3"", ""#C2C2FF"", ""#5C3896"", ""#C74375"", ""#C74375"" )) } )"),"") | H16: =IFERROR(__xludf.DUMMYFUNCTION("""COMPUTED_VALUE"""),4800.0) -> 4800 | I16: =IFERROR(__xludf.DUMMYFUNCTION("""COMPUTED_VALUE"""),5700.0) -> 5700 | J16: =IFERROR(__xludf.DUMMYFUNCTION("""COMPUTED_VALUE"""),6400.0) -> 6400 | K16: =IFERROR(__xludf.DUMMYFUNCTION("""COMPUTED_VALUE"""),7300.0) -> 7300 | L16: =IFERROR(__xludf.DUMMYFUNCTION("""COMPUTED_VALUE"""),8100.0) -> 8100 | M16: =IFERROR(__xludf.DUMMYFUNCTION("""COMPUTED_VALUE"""),8900.0) -> 8900 | N16: =IFERROR(__xludf.DUMMYFUNCTION("""COMPUTED_VALUE"""),9800.0) -> 9800 | O16: =IFERROR(__xludf.DUMMYFUNCTION("""COMPUTED_VALUE"""),10500.0) -> 10500 | Q16: =IFERROR(__xludf.DUMMYFUNCTION("""COMPUTED_VALUE"""),9906.0) -> 9906 | R16: =IFERROR(__xludf.DUMMYFUNCTION("""COMPUTED_VALUE"""),11670.0) -> 11670
B17: Speed | C17: =IFERROR(__xludf.DUMMYFUNCTION("""COMPUTED_VALUE"""),"Flicker Plaza rAim Easy") -> Flicker Plaza rAim Easy | D17: =round(irank!$D16*100,0)&"%" -> 0% | G17: =IFERROR(__xludf.DUMMYFUNCTION("sparkline( F17 - choose(match(F17, {0, H17:O17}), 0, H17, I17, J17, K17, L17, M17, N17, O17), { ""charttype"", ""bar""; ""max"", choose(match(F17, {0, H17:O17}), H17, I17-H17, J17-I17, K17-J17, L17-K17, M17-L17, N17-M17, O17-N17, 0); ""nan"&""", ""ignore""; ""color1"", iferror(choose(match(F17, {0, H17:O17}), ""#CE3D30"", ""#F85939"", ""#F1C338"", ""#9CFF91"", ""#02A4D3"", ""#C2C2FF"", ""#5C3896"", ""#C74375"", ""#C74375"" )) } )"),"") | H17: =IFERROR(__xludf.DUMMYFUNCTION("""COMPUTED_VALUE"""),860.0) -> 860 | I17: =IFERROR(__xludf.DUMMYFUNCTION("""COMPUTED_VALUE"""),870.0) -> 870 | J17: =IFERROR(__xludf.DUMMYFUNCTION("""COMPUTED_VALUE"""),881.0) -> 881 | K17: =IFERROR(__xludf.DUMMYFUNCTION("""COMPUTED_VALUE"""),891.0) -> 891 | L17: =IFERROR(__xludf.DUMMYFUNCTION("""COMPUTED_VALUE"""),900.0) -> 900 | M17: =IFERROR(__xludf.DUMMYFUNCTION("""COMPUTED_VALUE"""),908.0) -> 908 | N17: =IFERROR(__xludf.DUMMYFUNCTION("""COMPUTED_VALUE"""),913.0) -> 913 | O17: =IFERROR(__xludf.DUMMYFUNCTION("""COMPUTED_VALUE"""),917.0) -> 917 | Q17: =IFERROR(__xludf.DUMMYFUNCTION("""COMPUTED_VALUE"""),910.0) -> 910 | R17: =IFERROR(__xludf.DUMMYFUNCTION("""COMPUTED_VALUE"""),928.7) -> 928.7
C18: =IFERROR(__xludf.DUMMYFUNCTION("""COMPUTED_VALUE"""),"Polarized Hell Easy 20% Slower") -> Polarized Hell Easy 20% Slower | D18: =round(irank!$D17*100,0)&"%" -> 0% | G18: =IFERROR(__xludf.DUMMYFUNCTION("sparkline( F18 - choose(match(F18, {0, H18:O18}), 0, H18, I18, J18, K18, L18, M18, N18, O18), { ""charttype"", ""bar""; ""max"", choose(match(F18, {0, H18:O18}), H18, I18-H18, J18-I18, K18-J18, L18-K18, M18-L18, N18-M18, O18-N18, 0); ""nan"&""", ""ignore""; ""color1"", iferror(choose(match(F18, {0, H18:O18}), ""#CE3D30"", ""#F85939"", ""#F1C338"", ""#9CFF91"", ""#02A4D3"", ""#C2C2FF"", ""#5C3896"", ""#C74375"", ""#C74375"" )) } )"),"") | H18: =IFERROR(__xludf.DUMMYFUNCTION("""COMPUTED_VALUE"""),1600.0) -> 1600 | I18: =IFERROR(__xludf.DUMMYFUNCTION("""COMPUTED_VALUE"""),1850.0) -> 1850 | J18: =IFERROR(__xludf.DUMMYFUNCTION("""COMPUTED_VALUE"""),2100.0) -> 2100 | K18: =IFERROR(__xludf.DUMMYFUNCTION("""COMPUTED_VALUE"""),2350.0) -> 2350 | L18: =IFERROR(__xludf.DUMMYFUNCTION("""COMPUTED_VALUE"""),2600.0) -> 2600 | M18: =IFERROR(__xludf.DUMMYFUNCTION("""COMPUTED_VALUE"""),2850.0) -> 2850 | N18: =IFERROR(__xludf.DUMMYFUNCTION("""COMPUTED_VALUE"""),3150.0) -> 3150 | O18: =IFERROR(__xludf.DUMMYFUNCTION("""COMPUTED_VALUE"""),3350.0) -> 3350 | Q18: =IFERROR(__xludf.DUMMYFUNCTION("""COMPUTED_VALUE"""),2873.0) -> 2873 | R18: =IFERROR(__xludf.DUMMYFUNCTION("""COMPUTED_VALUE"""),3557.0) -> 3557
B19: Reading | C19: =IFERROR(__xludf.DUMMYFUNCTION("""COMPUTED_VALUE"""),"Air Pure Intermediate") -> Air Pure Intermediate | D19: =round(irank!$D18*100,0)&"%" -> 0% | G19: =IFERROR(__xludf.DUMMYFUNCTION("sparkline( F19 - choose(match(F19, {0, H19:O19}), 0, H19, I19, J19, K19, L19, M19, N19, O19), { ""charttype"", ""bar""; ""max"", choose(match(F19, {0, H19:O19}), H19, I19-H19, J19-I19, K19-J19, L19-K19, M19-L19, N19-M19, O19-N19, 0); ""nan"&""", ""ignore""; ""color1"", iferror(choose(match(F19, {0, H19:O19}), ""#CE3D30"", ""#F85939"", ""#F1C338"", ""#9CFF91"", ""#02A4D3"", ""#C2C2FF"", ""#5C3896"", ""#C74375"", ""#C74375"" )) } )"),"") | H19: =IFERROR(__xludf.DUMMYFUNCTION("""COMPUTED_VALUE"""),847.0) -> 847 | I19: =IFERROR(__xludf.DUMMYFUNCTION("""COMPUTED_VALUE"""),862.0) -> 862 | J19: =IFERROR(__xludf.DUMMYFUNCTION("""COMPUTED_VALUE"""),876.0) -> 876 | K19: =IFERROR(__xludf.DUMMYFUNCTION("""COMPUTED_VALUE"""),886.0) -> 886 | L19: =IFERROR(__xludf.DUMMYFUNCTION("""COMPUTED_VALUE"""),895.0) -> 895 | M19: =IFERROR(__xludf.DUMMYFUNCTION("""COMPUTED_VALUE"""),902.0) -> 902 | N19: =IFERROR(__xludf.DUMMYFUNCTION("""COMPUTED_VALUE"""),906.0) -> 906 | O19: =IFERROR(__xludf.DUMMYFUNCTION("""COMPUTED_VALUE"""),910.0) -> 910 | Q19: =IFERROR(__xludf.DUMMYFUNCTION("""COMPUTED_VALUE"""),906.25) -> 906.25 | R19: =IFERROR(__xludf.DUMMYFUNCTION("""COMPUTED_VALUE"""),922.0) -> 922
C20: =IFERROR(__xludf.DUMMYFUNCTION("""COMPUTED_VALUE"""),"Air Voltaic Easy Invincible 4") -> Air Voltaic Easy Invincible 4 | D20: =round(irank!$D19*100,0)&"%" -> 0% | G20: =IFERROR(__xludf.DUMMYFUNCTION("sparkline( F20 - choose(match(F20, {0, H20:O20}), 0, H20, I20, J20, K20, L20, M20, N20, O20), { ""charttype"", ""bar""; ""max"", choose(match(F20, {0, H20:O20}), H20, I20-H20, J20-I20, K20-J20, L20-K20, M20-L20, N20-M20, O20-N20, 0); ""nan"&""", ""ignore""; ""color1"", iferror(choose(match(F20, {0, H20:O20}), ""#CE3D30"", ""#F85939"", ""#F1C338"", ""#9CFF91"", ""#02A4D3"", ""#C2C2FF"", ""#5C3896"", ""#C74375"", ""#C74375"" )) } )"),"") | H20: =IFERROR(__xludf.DUMMYFUNCTION("""COMPUTED_VALUE"""),1800.0) -> 1800 | I20: =IFERROR(__xludf.DUMMYFUNCTION("""COMPUTED_VALUE"""),2150.0) -> 2150 | J20: =IFERROR(__xludf.DUMMYFUNCTION("""COMPUTED_VALUE"""),2500.0) -> 2500 | K20: =IFERROR(__xludf.DUMMYFUNCTION("""COMPUTED_VALUE"""),2950.0) -> 2950 | L20: =IFERROR(__xludf.DUMMYFUNCTION("""COMPUTED_VALUE"""),3350.0) -> 3350 | M20: =IFERROR(__xludf.DUMMYFUNCTION("""COMPUTED_VALUE"""),3750.0) -> 3750 | N20: =IFERROR(__xludf.DUMMYFUNCTION("""COMPUTED_VALUE"""),4150.0) -> 4150 | O20: =IFERROR(__xludf.DUMMYFUNCTION("""COMPUTED_VALUE"""),4450.0) -> 4450 | Q20: =IFERROR(__xludf.DUMMYFUNCTION("""COMPUTED_VALUE"""),4032.0) -> 4032 | R20: =IFERROR(__xludf.DUMMYFUNCTION("""COMPUTED_VALUE"""),4918.0) -> 4918
A21: Flick Tech | B21: Speed | C21: =IFERROR(__xludf.DUMMYFUNCTION("""COMPUTED_VALUE"""),"Pokeball Frenzy Auto TE Wide") -> Pokeball Frenzy Auto TE Wide | D21: =round(irank!$D20*100,0)&"%" -> 0% | G21: =IFERROR(__xludf.DUMMYFUNCTION("sparkline( F21 - choose(match(F21, {0, H21:O21}), 0, H21, I21, J21, K21, L21, M21, N21, O21), { ""charttype"", ""bar""; ""max"", choose(match(F21, {0, H21:O21}), H21, I21-H21, J21-I21, K21-J21, L21-K21, M21-L21, N21-M21, O21-N21, 0); ""nan"&""", ""ignore""; ""color1"", iferror(choose(match(F21, {0, H21:O21}), ""#CE3D30"", ""#F85939"", ""#F1C338"", ""#9CFF91"", ""#02A4D3"", ""#C2C2FF"", ""#5C3896"", ""#C74375"", ""#C74375"" )) } )"),"") | H21: =IFERROR(__xludf.DUMMYFUNCTION("""COMPUTED_VALUE"""),1950.0) -> 1950 | I21: =IFERROR(__xludf.DUMMYFUNCTION("""COMPUTED_VALUE"""),2250.0) -> 2250 | J21: =IFERROR(__xludf.DUMMYFUNCTION("""COMPUTED_VALUE"""),2550.0) -> 2550 | K21: =IFERROR(__xludf.DUMMYFUNCTION("""COMPUTED_VALUE"""),2850.0) -> 2850 | L21: =IFERROR(__xludf.DUMMYFUNCTION("""COMPUTED_VALUE"""),3150.0) -> 3150 | M21: =IFERROR(__xludf.DUMMYFUNCTION("""COMPUTED_VALUE"""),3400.0) -> 3400 | N21: =IFERROR(__xludf.DUMMYFUNCTION("""COMPUTED_VALUE"""),3600.0) -> 3600 | O21: =IFERROR(__xludf.DUMMYFUNCTION("""COMPUTED_VALUE"""),3800.0) -> 3800 | Q21: =IFERROR(__xludf.DUMMYFUNCTION("""COMPUTED_VALUE"""),3510.0) -> 3510 | R21: =IFERROR(__xludf.DUMMYFUNCTION("""COMPUTED_VALUE"""),4560.0) -> 4560
C22: =IFERROR(__xludf.DUMMYFUNCTION("""COMPUTED_VALUE"""),"1w3ts Reload") -> 1w3ts Reload | D22: =round(irank!$D21*100,0)&"%" -> 0% | G22: =IFERROR(__xludf.DUMMYFUNCTION("sparkline( F22 - choose(match(F22, {0, H22:O22}), 0, H22, I22, J22, K22, L22, M22, N22, O22), { ""charttype"", ""bar""; ""max"", choose(match(F22, {0, H22:O22}), H22, I22-H22, J22-I22, K22-J22, L22-K22, M22-L22, N22-M22, O22-N22, 0); ""nan"&""", ""ignore""; ""color1"", iferror(choose(match(F22, {0, H22:O22}), ""#CE3D30"", ""#F85939"", ""#F1C338"", ""#9CFF91"", ""#02A4D3"", ""#C2C2FF"", ""#5C3896"", ""#C74375"", ""#C74375"" )) } )"),"") | H22: =IFERROR(__xludf.DUMMYFUNCTION("""COMPUTED_VALUE"""),66.0) -> 66 | I22: =IFERROR(__xludf.DUMMYFUNCTION("""COMPUTED_VALUE"""),76.0) -> 76 | J22: =IFERROR(__xludf.DUMMYFUNCTION("""COMPUTED_VALUE"""),86.0) -> 86 | K22: =IFERROR(__xludf.DUMMYFUNCTION("""COMPUTED_VALUE"""),96.0) -> 96 | L22: =IFERROR(__xludf.DUMMYFUNCTION("""COMPUTED_VALUE"""),106.0) -> 106 | M22: =IFERROR(__xludf.DUMMYFUNCTION("""COMPUTED_VALUE"""),116.0) -> 116 | N22: =IFERROR(__xludf.DUMMYFUNCTION("""COMPUTED_VALUE"""),126.0) -> 126 | O22: =IFERROR(__xludf.DUMMYFUNCTION("""COMPUTED_VALUE"""),135.0) -> 135 | Q22: =IFERROR(__xludf.DUMMYFUNCTION("""COMPUTED_VALUE"""),115.0) -> 115 | R22: =IFERROR(__xludf.DUMMYFUNCTION("""COMPUTED_VALUE"""),148.0) -> 148
C23: =IFERROR(__xludf.DUMMYFUNCTION("""COMPUTED_VALUE"""),"voxTargetSwitch 2") -> voxTargetSwitch 2 | D23: =round(irank!$D22*100,0)&"%" -> 0% | G23: =IFERROR(__xludf.DUMMYFUNCTION("sparkline( F23 - choose(match(F23, {0, H23:O23}), 0, H23, I23, J23, K23, L23, M23, N23, O23), { ""charttype"", ""bar""; ""max"", choose(match(F23, {0, H23:O23}), H23, I23-H23, J23-I23, K23-J23, L23-K23, M23-L23, N23-M23, O23-N23, 0); ""nan"&""", ""ignore""; ""color1"", iferror(choose(match(F23, {0, H23:O23}), ""#CE3D30"", ""#F85939"", ""#F1C338"", ""#9CFF91"", ""#02A4D3"", ""#C2C2FF"", ""#5C3896"", ""#C74375"", ""#C74375"" )) } )"),"") | H23: =IFERROR(__xludf.DUMMYFUNCTION("""COMPUTED_VALUE"""),78.0) -> 78 | I23: =IFERROR(__xludf.DUMMYFUNCTION("""COMPUTED_VALUE"""),88.0) -> 88 | J23: =IFERROR(__xludf.DUMMYFUNCTION("""COMPUTED_VALUE"""),98.0) -> 98 | K23: =IFERROR(__xludf.DUMMYFUNCTION("""COMPUTED_VALUE"""),107.0) -> 107 | L23: =IFERROR(__xludf.DUMMYFUNCTION("""COMPUTED_VALUE"""),116.0) -> 116 | M23: =IFERROR(__xludf.DUMMYFUNCTION("""COMPUTED_VALUE"""),123.0) -> 123 | N23: =IFERROR(__xludf.DUMMYFUNCTION("""COMPUTED_VALUE"""),130.0) -> 130 | O23: =IFERROR(__xludf.DUMMYFUNCTION("""COMPUTED_VALUE"""),136.0) -> 136 | Q23: =IFERROR(__xludf.DUMMYFUNCTION("""COMPUTED_VALUE"""),134.0) -> 134 | R23: =IFERROR(__xludf.DUMMYFUNCTION("""COMPUTED_VALUE"""),145.95) -> 145.95
B24: Stability | C24: =IFERROR(__xludf.DUMMYFUNCTION("""COMPUTED_VALUE"""),"BeanTS") -> BeanTS | D24: =round(irank!$D23*100,0)&"%" -> 0% | G24: =IFERROR(__xludf.DUMMYFUNCTION("sparkline( F24 - choose(match(F24, {0, H24:O24}), 0, H24, I24, J24, K24, L24, M24, N24, O24), { ""charttype"", ""bar""; ""max"", choose(match(F24, {0, H24:O24}), H24, I24-H24, J24-I24, K24-J24, L24-K24, M24-L24, N24-M24, O24-N24, 0); ""nan"&""", ""ignore""; ""color1"", iferror(choose(match(F24, {0, H24:O24}), ""#CE3D30"", ""#F85939"", ""#F1C338"", ""#9CFF91"", ""#02A4D3"", ""#C2C2FF"", ""#5C3896"", ""#C74375"", ""#C74375"" )) } )"),"") | H24: =IFERROR(__xludf.DUMMYFUNCTION("""COMPUTED_VALUE"""),88.0) -> 88 | I24: =IFERROR(__xludf.DUMMYFUNCTION("""COMPUTED_VALUE"""),103.0) -> 103 | J24: =IFERROR(__xludf.DUMMYFUNCTION("""COMPUTED_VALUE"""),115.0) -> 115 | K24: =IFERROR(__xludf.DUMMYFUNCTION("""COMPUTED_VALUE"""),127.0) -> 127 | L24: =IFERROR(__xludf.DUMMYFUNCTION("""COMPUTED_VALUE"""),136.0) -> 136 | M24: =IFERROR(__xludf.DUMMYFUNCTION("""COMPUTED_VALUE"""),143.0) -> 143 | N24: =IFERROR(__xludf.DUMMYFUNCTION("""COMPUTED_VALUE"""),149.0) -> 149 | O24: =IFERROR(__xludf.DUMMYFUNCTION("""COMPUTED_VALUE"""),156.0) -> 156 | Q24: =IFERROR(__xludf.DUMMYFUNCTION("""COMPUTED_VALUE"""),156.0) -> 156 | R24: =IFERROR(__xludf.DUMMYFUNCTION("""COMPUTED_VALUE"""),170.55) -> 170.55
C25: =IFERROR(__xludf.DUMMYFUNCTION("""COMPUTED_VALUE"""),"FloatTS Angelic Easy") -> FloatTS Angelic Easy | D25: =round(irank!$D24*100,0)&"%" -> 0% | G25: =IFERROR(__xludf.DUMMYFUNCTION("sparkline( F25 - choose(match(F25, {0, H25:O25}), 0, H25, I25, J25, K25, L25, M25, N25, O25), { ""charttype"", ""bar""; ""max"", choose(match(F25, {0, H25:O25}), H25, I25-H25, J25-I25, K25-J25, L25-K25, M25-L25, N25-M25, O25-N25, 0); ""nan"&""", ""ignore""; ""color1"", iferror(choose(match(F25, {0, H25:O25}), ""#CE3D30"", ""#F85939"", ""#F1C338"", ""#9CFF91"", ""#02A4D3"", ""#C2C2FF"", ""#5C3896"", ""#C74375"", ""#C74375"" )) } )"),"") | H25: =IFERROR(__xludf.DUMMYFUNCTION("""COMPUTED_VALUE"""),70.0) -> 70 | I25: =IFERROR(__xludf.DUMMYFUNCTION("""COMPUTED_VALUE"""),79.0) -> 79 | J25: =IFERROR(__xludf.DUMMYFUNCTION("""COMPUTED_VALUE"""),86.0) -> 86 | K25: =IFERROR(__xludf.DUMMYFUNCTION("""COMPUTED_VALUE"""),93.0) -> 93 | L25: =IFERROR(__xludf.DUMMYFUNCTION("""COMPUTED_VALUE"""),100.0) -> 100 | M25: =IFERROR(__xludf.DUMMYFUNCTION("""COMPUTED_VALUE"""),107.0) -> 107 | N25: =IFERROR(__xludf.DUMMYFUNCTION("""COMPUTED_VALUE"""),115.0) -> 115 | O25: =IFERROR(__xludf.DUMMYFUNCTION("""COMPUTED_VALUE"""),123.0) -> 123 | Q25: =IFERROR(__xludf.DUMMYFUNCTION("""COMPUTED_VALUE"""),124.85) -> 124.85 | R25: =IFERROR(__xludf.DUMMYFUNCTION("""COMPUTED_VALUE"""),134.0) -> 134
B26: Micro | C26: =IFERROR(__xludf.DUMMYFUNCTION("""COMPUTED_VALUE"""),"WaldoTS Intermediate") -> WaldoTS Intermediate | D26: =round(irank!$D25*100,0)&"%" -> 0% | G26: =IFERROR(__xludf.DUMMYFUNCTION("sparkline( F26 - choose(match(F26, {0, H26:O26}), 0, H26, I26, J26, K26, L26, M26, N26, O26), { ""charttype"", ""bar""; ""max"", choose(match(F26, {0, H26:O26}), H26, I26-H26, J26-I26, K26-J26, L26-K26, M26-L26, N26-M26, O26-N26, 0); ""nan"&""", ""ignore""; ""color1"", iferror(choose(match(F26, {0, H26:O26}), ""#CE3D30"", ""#F85939"", ""#F1C338"", ""#9CFF91"", ""#02A4D3"", ""#C2C2FF"", ""#5C3896"", ""#C74375"", ""#C74375"" )) } )"),"") | H26: =IFERROR(__xludf.DUMMYFUNCTION("""COMPUTED_VALUE"""),108.0) -> 108 | I26: =IFERROR(__xludf.DUMMYFUNCTION("""COMPUTED_VALUE"""),117.0) -> 117 | J26: =IFERROR(__xludf.DUMMYFUNCTION("""COMPUTED_VALUE"""),126.0) -> 126 | K26: =IFERROR(__xludf.DUMMYFUNCTION("""COMPUTED_VALUE"""),135.0) -> 135 | L26: =IFERROR(__xludf.DUMMYFUNCTION("""COMPUTED_VALUE"""),144.0) -> 144 | M26: =IFERROR(__xludf.DUMMYFUNCTION("""COMPUTED_VALUE"""),153.0) -> 153 | N26: =IFERROR(__xludf.DUMMYFUNCTION("""COMPUTED_VALUE"""),162.0) -> 162 | O26: =IFERROR(__xludf.DUMMYFUNCTION("""COMPUTED_VALUE"""),170.0) -> 170 | Q26: =IFERROR(__xludf.DUMMYFUNCTION("""COMPUTED_VALUE"""),173.0) -> 173 | R26: =IFERROR(__xludf.DUMMYFUNCTION("""COMPUTED_VALUE"""),179.95) -> 179.95
C27: =IFERROR(__xludf.DUMMYFUNCTION("""COMPUTED_VALUE"""),"devTS Goated NR Static 5Bot") -> devTS Goated NR Static 5Bot | D27: =round(irank!$D26*100,0)&"%" -> 0% | G27: =IFERROR(__xludf.DUMMYFUNCTION("sparkline( F27 - choose(match(F27, {0, H27:O27}), 0, H27, I27, J27, K27, L27, M27, N27, O27), { ""charttype"", ""bar""; ""max"", choose(match(F27, {0, H27:O27}), H27, I27-H27, J27-I27, K27-J27, L27-K27, M27-L27, N27-M27, O27-N27, 0); ""nan"&""", ""ignore""; ""color1"", iferror(choose(match(F27, {0, H27:O27}), ""#CE3D30"", ""#F85939"", ""#F1C338"", ""#9CFF91"", ""#02A4D3"", ""#C2C2FF"", ""#5C3896"", ""#C74375"", ""#C74375"" )) } )"),"") | H27: =IFERROR(__xludf.DUMMYFUNCTION("""COMPUTED_VALUE"""),600.0) -> 600 | I27: =IFERROR(__xludf.DUMMYFUNCTION("""COMPUTED_VALUE"""),650.0) -> 650 | J27: =IFERROR(__xludf.DUMMYFUNCTION("""COMPUTED_VALUE"""),705.0) -> 705 | K27: =IFERROR(__xludf.DUMMYFUNCTION("""COMPUTED_VALUE"""),760.0) -> 760 | L27: =IFERROR(__xludf.DUMMYFUNCTION("""COMPUTED_VALUE"""),810.0) -> 810 | M27: =IFERROR(__xludf.DUMMYFUNCTION("""COMPUTED_VALUE"""),840.0) -> 840 | N27: =IFERROR(__xludf.DUMMYFUNCTION("""COMPUTED_VALUE"""),870.0) -> 870 | O27: =IFERROR(__xludf.DUMMYFUNCTION("""COMPUTED_VALUE"""),900.0) -> 900 | Q27: =IFERROR(__xludf.DUMMYFUNCTION("""COMPUTED_VALUE"""),904.0) -> 904 | R27: =IFERROR(__xludf.DUMMYFUNCTION("""COMPUTED_VALUE"""),937.0) -> 937
B28: Post-flick | C28: =IFERROR(__xludf.DUMMYFUNCTION("""COMPUTED_VALUE"""),"domiSwitch Easy") -> domiSwitch Easy | D28: =round(irank!$D27*100,0)&"%" -> 0% | G28: =IFERROR(__xludf.DUMMYFUNCTION("sparkline( F28 - choose(match(F28, {0, H28:O28}), 0, H28, I28, J28, K28, L28, M28, N28, O28), { ""charttype"", ""bar""; ""max"", choose(match(F28, {0, H28:O28}), H28, I28-H28, J28-I28, K28-J28, L28-K28, M28-L28, N28-M28, O28-N28, 0); ""nan"&""", ""ignore""; ""color1"", iferror(choose(match(F28, {0, H28:O28}), ""#CE3D30"", ""#F85939"", ""#F1C338"", ""#9CFF91"", ""#02A4D3"", ""#C2C2FF"", ""#5C3896"", ""#C74375"", ""#C74375"" )) } )"),"") | H28: =IFERROR(__xludf.DUMMYFUNCTION("""COMPUTED_VALUE"""),4200.0) -> 4200 | I28: =IFERROR(__xludf.DUMMYFUNCTION("""COMPUTED_VALUE"""),4700.0) -> 4700 | J28: =IFERROR(__xludf.DUMMYFUNCTION("""COMPUTED_VALUE"""),5200.0) -> 5200 | K28: =IFERROR(__xludf.DUMMYFUNCTION("""COMPUTED_VALUE"""),5700.0) -> 5700 | L28: =IFERROR(__xludf.DUMMYFUNCTION("""COMPUTED_VALUE"""),6150.0) -> 6150 | M28: =IFERROR(__xludf.DUMMYFUNCTION("""COMPUTED_VALUE"""),6600.0) -> 6600 | N28: =IFERROR(__xludf.DUMMYFUNCTION("""COMPUTED_VALUE"""),7100.0) -> 7100 | O28: =IFERROR(__xludf.DUMMYFUNCTION("""COMPUTED_VALUE"""),7600.0) -> 7600 | Q28: =IFERROR(__xludf.DUMMYFUNCTION("""COMPUTED_VALUE"""),7003.0) -> 7003 | R28: =IFERROR(__xludf.DUMMYFUNCTION("""COMPUTED_VALUE"""),8206.0) -> 8206
C29: =IFERROR(__xludf.DUMMYFUNCTION("""COMPUTED_VALUE"""),"tamTargetSwitch Smooth Easy") -> tamTargetSwitch Smooth Easy | D29: =round(irank!$D28*100,0)&"%" -> 0% | G29: =IFERROR(__xludf.DUMMYFUNCTION("sparkline( F29 - choose(match(F29, {0, H29:O29}), 0, H29, I29, J29, K29, L29, M29, N29, O29), { ""charttype"", ""bar""; ""max"", choose(match(F29, {0, H29:O29}), H29, I29-H29, J29-I29, K29-J29, L29-K29, M29-L29, N29-M29, O29-N29, 0); ""nan"&""", ""ignore""; ""color1"", iferror(choose(match(F29, {0, H29:O29}), ""#CE3D30"", ""#F85939"", ""#F1C338"", ""#9CFF91"", ""#02A4D3"", ""#C2C2FF"", ""#5C3896"", ""#C74375"", ""#C74375"" )) } )"),"") | H29: =IFERROR(__xludf.DUMMYFUNCTION("""COMPUTED_VALUE"""),22.0) -> 22 | I29: =IFERROR(__xludf.DUMMYFUNCTION("""COMPUTED_VALUE"""),26.0) -> 26 | J29: =IFERROR(__xludf.DUMMYFUNCTION("""COMPUTED_VALUE"""),29.0) -> 29 | K29: =IFERROR(__xludf.DUMMYFUNCTION("""COMPUTED_VALUE"""),32.0) -> 32 | L29: =IFERROR(__xludf.DUMMYFUNCTION("""COMPUTED_VALUE"""),34.0) -> 34 | M29: =IFERROR(__xludf.DUMMYFUNCTION("""COMPUTED_VALUE"""),36.0) -> 36 | N29: =IFERROR(__xludf.DUMMYFUNCTION("""COMPUTED_VALUE"""),38.0) -> 38 | O29: =IFERROR(__xludf.DUMMYFUNCTION("""COMPUTED_VALUE"""),41.0) -> 41 | Q29: =IFERROR(__xludf.DUMMYFUNCTION("""COMPUTED_VALUE"""),40.0) -> 40 | R29: =IFERROR(__xludf.DUMMYFUNCTION("""COMPUTED_VALUE"""),42.0) -> 42
A30: Click Timing | B30: Reading | C30: =IFERROR(__xludf.DUMMYFUNCTION("""COMPUTED_VALUE"""),"1wall5targets_pasu Reload") -> 1wall5targets_pasu Reload | D30: =round(irank!$D29*100,0)&"%" -> 0% | G30: =IFERROR(__xludf.DUMMYFUNCTION("sparkline( F30 - choose(match(F30, {0, H30:O30}), 0, H30, I30, J30, K30, L30, M30, N30, O30), { ""charttype"", ""bar""; ""max"", choose(match(F30, {0, H30:O30}), H30, I30-H30, J30-I30, K30-J30, L30-K30, M30-L30, N30-M30, O30-N30, 0); ""nan"&""", ""ignore""; ""color1"", iferror(choose(match(F30, {0, H30:O30}), ""#CE3D30"", ""#F85939"", ""#F1C338"", ""#9CFF91"", ""#02A4D3"", ""#C2C2FF"", ""#5C3896"", ""#C74375"", ""#C74375"" )) } )"),"") | H30: =IFERROR(__xludf.DUMMYFUNCTION("""COMPUTED_VALUE"""),70.0) -> 70 | I30: =IFERROR(__xludf.DUMMYFUNCTION("""COMPUTED_VALUE"""),85.0) -> 85 | J30: =IFERROR(__xludf.DUMMYFUNCTION("""COMPUTED_VALUE"""),100.0) -> 100 | K30: =IFERROR(__xludf.DUMMYFUNCTION("""COMPUTED_VALUE"""),115.0) -> 115 | L30: =IFERROR(__xludf.DUMMYFUNCTION("""COMPUTED_VALUE"""),130.0) -> 130 | M30: =IFERROR(__xludf.DUMMYFUNCTION("""COMPUTED_VALUE"""),142.0) -> 142 | N30: =IFERROR(__xludf.DUMMYFUNCTION("""COMPUTED_VALUE"""),155.0) -> 155 | O30: =IFERROR(__xludf.DUMMYFUNCTION("""COMPUTED_VALUE"""),165.0) -> 165 | Q30: =IFERROR(__xludf.DUMMYFUNCTION("""COMPUTED_VALUE"""),154.0) -> 154 | R30: =IFERROR(__xludf.DUMMYFUNCTION("""COMPUTED_VALUE"""),196.0) -> 196
C31: =IFERROR(__xludf.DUMMYFUNCTION("""COMPUTED_VALUE"""),"VT Bounceshot Intermediate") -> VT Bounceshot Intermediate | D31: =round(irank!$D30*100,0)&"%" -> 0% | G31: =IFERROR(__xludf.DUMMYFUNCTION("sparkline( F31 - choose(match(F31, {0, H31:O31}), 0, H31, I31, J31, K31, L31, M31, N31, O31), { ""charttype"", ""bar""; ""max"", choose(match(F31, {0, H31:O31}), H31, I31-H31, J31-I31, K31-J31, L31-K31, M31-L31, N31-M31, O31-N31, 0); ""nan"&""", ""ignore""; ""color1"", iferror(choose(match(F31, {0, H31:O31}), ""#CE3D30"", ""#F85939"", ""#F1C338"", ""#9CFF91"", ""#02A4D3"", ""#C2C2FF"", ""#5C3896"", ""#C74375"", ""#C74375"" )) } )"),"") | H31: =IFERROR(__xludf.DUMMYFUNCTION("""COMPUTED_VALUE"""),550.0) -> 550 | I31: =IFERROR(__xludf.DUMMYFUNCTION("""COMPUTED_VALUE"""),640.0) -> 640 | J31: =IFERROR(__xludf.DUMMYFUNCTION("""COMPUTED_VALUE"""),720.0) -> 720 | K31: =IFERROR(__xludf.DUMMYFUNCTION("""COMPUTED_VALUE"""),780.0) -> 780 | L31: =IFERROR(__xludf.DUMMYFUNCTION("""COMPUTED_VALUE"""),850.0) -> 850 | M31: =IFERROR(__xludf.DUMMYFUNCTION("""COMPUTED_VALUE"""),900.0) -> 900 | N31: =IFERROR(__xludf.DUMMYFUNCTION("""COMPUTED_VALUE"""),980.0) -> 980 | O31: =IFERROR(__xludf.DUMMYFUNCTION("""COMPUTED_VALUE"""),1060.0) -> 1060 | Q31: =IFERROR(__xludf.DUMMYFUNCTION("""COMPUTED_VALUE"""),950.0) -> 950 | R31: =IFERROR(__xludf.DUMMYFUNCTION("""COMPUTED_VALUE"""),1180.0) -> 1180
C32: =IFERROR(__xludf.DUMMYFUNCTION("""COMPUTED_VALUE"""),"Controlsphere Click") -> Controlsphere Click | D32: =round(irank!$D31*100,0)&"%" -> 0% | G32: =IFERROR(__xludf.DUMMYFUNCTION("sparkline( F32 - choose(match(F32, {0, H32:O32}), 0, H32, I32, J32, K32, L32, M32, N32, O32), { ""charttype"", ""bar""; ""max"", choose(match(F32, {0, H32:O32}), H32, I32-H32, J32-I32, K32-J32, L32-K32, M32-L32, N32-M32, O32-N32, 0); ""nan"&""", ""ignore""; ""color1"", iferror(choose(match(F32, {0, H32:O32}), ""#CE3D30"", ""#F85939"", ""#F1C338"", ""#9CFF91"", ""#02A4D3"", ""#C2C2FF"", ""#5C3896"", ""#C74375"", ""#C74375"" )) } )"),"") | H32: =IFERROR(__xludf.DUMMYFUNCTION("""COMPUTED_VALUE"""),27.0) -> 27 | I32: =IFERROR(__xludf.DUMMYFUNCTION("""COMPUTED_VALUE"""),33.0) -> 33 | J32: =IFERROR(__xludf.DUMMYFUNCTION("""COMPUTED_VALUE"""),39.0) -> 39 | K32: =IFERROR(__xludf.DUMMYFUNCTION("""COMPUTED_VALUE"""),45.0) -> 45 | L32: =IFERROR(__xludf.DUMMYFUNCTION("""COMPUTED_VALUE"""),50.0) -> 50 | M32: =IFERROR(__xludf.DUMMYFUNCTION("""COMPUTED_VALUE"""),56.0) -> 56 | N32: =IFERROR(__xludf.DUMMYFUNCTION("""COMPUTED_VALUE"""),61.0) -> 61 | O32: =IFERROR(__xludf.DUMMYFUNCTION("""COMPUTED_VALUE"""),67.0) -> 67 | Q32: =IFERROR(__xludf.DUMMYFUNCTION("""COMPUTED_VALUE"""),60.0) -> 60 | R32: =IFERROR(__xludf.DUMMYFUNCTION("""COMPUTED_VALUE"""),81.0) -> 81
B33: Precision | C33: =IFERROR(__xludf.DUMMYFUNCTION("""COMPUTED_VALUE"""),"Popcorn MV Intermediate") -> Popcorn MV Intermediate | D33: =round(irank!$D32*100,0)&"%" -> 0% | G33: =IFERROR(__xludf.DUMMYFUNCTION("sparkline( F33 - choose(match(F33, {0, H33:O33}), 0, H33, I33, J33, K33, L33, M33, N33, O33), { ""charttype"", ""bar""; ""max"", choose(match(F33, {0, H33:O33}), H33, I33-H33, J33-I33, K33-J33, L33-K33, M33-L33, N33-M33, O33-N33, 0); ""nan"&""", ""ignore""; ""color1"", iferror(choose(match(F33, {0, H33:O33}), ""#CE3D30"", ""#F85939"", ""#F1C338"", ""#9CFF91"", ""#02A4D3"", ""#C2C2FF"", ""#5C3896"", ""#C74375"", ""#C74375"" )) } )"),"") | H33: =IFERROR(__xludf.DUMMYFUNCTION("""COMPUTED_VALUE"""),150.0) -> 150 | I33: =IFERROR(__xludf.DUMMYFUNCTION("""COMPUTED_VALUE"""),190.0) -> 190 | J33: =IFERROR(__xludf.DUMMYFUNCTION("""COMPUTED_VALUE"""),240.0) -> 240 | K33: =IFERROR(__xludf.DUMMYFUNCTION("""COMPUTED_VALUE"""),280.0) -> 280 | L33: =IFERROR(__xludf.DUMMYFUNCTION("""COMPUTED_VALUE"""),330.0) -> 330 | M33: =IFERROR(__xludf.DUMMYFUNCTION("""COMPUTED_VALUE"""),380.0) -> 380 | N33: =IFERROR(__xludf.DUMMYFUNCTION("""COMPUTED_VALUE"""),430.0) -> 430 | O33: =IFERROR(__xludf.DUMMYFUNCTION("""COMPUTED_VALUE"""),480.0) -> 480 | Q33: =IFERROR(__xludf.DUMMYFUNCTION("""COMPUTED_VALUE"""),400.0) -> 400 | R33: =IFERROR(__xludf.DUMMYFUNCTION("""COMPUTED_VALUE"""),610.0) -> 610
C34: =IFERROR(__xludf.DUMMYFUNCTION("""COMPUTED_VALUE"""),"Pasu Angelic 20% Larger") -> Pasu Angelic 20% Larger | D34: =round(irank!$D33*100,0)&"%" -> 0% | G34: =IFERROR(__xludf.DUMMYFUNCTION("sparkline( F34 - choose(match(F34, {0, H34:O34}), 0, H34, I34, J34, K34, L34, M34, N34, O34), { ""charttype"", ""bar""; ""max"", choose(match(F34, {0, H34:O34}), H34, I34-H34, J34-I34, K34-J34, L34-K34, M34-L34, N34-M34, O34-N34, 0); ""nan"&""", ""ignore""; ""color1"", iferror(choose(match(F34, {0, H34:O34}), ""#CE3D30"", ""#F85939"", ""#F1C338"", ""#9CFF91"", ""#02A4D3"", ""#C2C2FF"", ""#5C3896"", ""#C74375"", ""#C74375"" )) } )"),"") | H34: =IFERROR(__xludf.DUMMYFUNCTION("""COMPUTED_VALUE"""),72.0) -> 72 | I34: =IFERROR(__xludf.DUMMYFUNCTION("""COMPUTED_VALUE"""),79.0) -> 79 | J34: =IFERROR(__xludf.DUMMYFUNCTION("""COMPUTED_VALUE"""),85.0) -> 85 | K34: =IFERROR(__xludf.DUMMYFUNCTION("""COMPUTED_VALUE"""),90.0) -> 90 | L34: =IFERROR(__xludf.DUMMYFUNCTION("""COMPUTED_VALUE"""),96.0) -> 96 | M34: =IFERROR(__xludf.DUMMYFUNCTION("""COMPUTED_VALUE"""),103.0) -> 103 | N34: =IFERROR(__xludf.DUMMYFUNCTION("""COMPUTED_VALUE"""),110.0) -> 110 | O34: =IFERROR(__xludf.DUMMYFUNCTION("""COMPUTED_VALUE"""),115.0) -> 115 | Q34: =IFERROR(__xludf.DUMMYFUNCTION("""COMPUTED_VALUE"""),106.0) -> 106 | R34: =IFERROR(__xludf.DUMMYFUNCTION("""COMPUTED_VALUE"""),137.0) -> 137
C35: =IFERROR(__xludf.DUMMYFUNCTION("""COMPUTED_VALUE"""),"1w2ts Pasu Perfected") -> 1w2ts Pasu Perfected | D35: =round(irank!$D34*100,0)&"%" -> 0% | G35: =IFERROR(__xludf.DUMMYFUNCTION("sparkline( F35 - choose(match(F35, {0, H35:O35}), 0, H35, I35, J35, K35, L35, M35, N35, O35), { ""charttype"", ""bar""; ""max"", choose(match(F35, {0, H35:O35}), H35, I35-H35, J35-I35, K35-J35, L35-K35, M35-L35, N35-M35, O35-N35, 0); ""nan"&""", ""ignore""; ""color1"", iferror(choose(match(F35, {0, H35:O35}), ""#CE3D30"", ""#F85939"", ""#F1C338"", ""#9CFF91"", ""#02A4D3"", ""#C2C2FF"", ""#5C3896"", ""#C74375"", ""#C74375"" )) } )"),"") | H35: =IFERROR(__xludf.DUMMYFUNCTION("""COMPUTED_VALUE"""),60.0) -> 60 | I35: =IFERROR(__xludf.DUMMYFUNCTION("""COMPUTED_VALUE"""),70.0) -> 70 | J35: =IFERROR(__xludf.DUMMYFUNCTION("""COMPUTED_VALUE"""),80.0) -> 80 | K35: =IFERROR(__xludf.DUMMYFUNCTION("""COMPUTED_VALUE"""),88.0) -> 88 | L35: =IFERROR(__xludf.DUMMYFUNCTION("""COMPUTED_VALUE"""),96.0) -> 96 | M35: =IFERROR(__xludf.DUMMYFUNCTION("""COMPUTED_VALUE"""),101.0) -> 101 | N35: =IFERROR(__xludf.DUMMYFUNCTION("""COMPUTED_VALUE"""),107.0) -> 107 | O35: =IFERROR(__xludf.DUMMYFUNCTION("""COMPUTED_VALUE"""),112.0) -> 112 | Q35: =IFERROR(__xludf.DUMMYFUNCTION("""COMPUTED_VALUE"""),101.0) -> 101 | R35: =IFERROR(__xludf.DUMMYFUNCTION("""COMPUTED_VALUE"""),122.0) -> 122
B36: Stability | C36: =IFERROR(__xludf.DUMMYFUNCTION("""COMPUTED_VALUE"""),"1w3ts Pasu Perfected Micro Goated Larger") -> 1w3ts Pasu Perfected Micro Goated Larger | D36: =round(irank!$D35*100,0)&"%" -> 0% | G36: =IFERROR(__xludf.DUMMYFUNCTION("sparkline( F36 - choose(match(F36, {0, H36:O36}), 0, H36, I36, J36, K36, L36, M36, N36, O36), { ""charttype"", ""bar""; ""max"", choose(match(F36, {0, H36:O36}), H36, I36-H36, J36-I36, K36-J36, L36-K36, M36-L36, N36-M36, O36-N36, 0); ""nan"&""", ""ignore""; ""color1"", iferror(choose(match(F36, {0, H36:O36}), ""#CE3D30"", ""#F85939"", ""#F1C338"", ""#9CFF91"", ""#02A4D3"", ""#C2C2FF"", ""#5C3896"", ""#C74375"", ""#C74375"" )) } )"),"") | H36: =IFERROR(__xludf.DUMMYFUNCTION("""COMPUTED_VALUE"""),900.0) -> 900 | I36: =IFERROR(__xludf.DUMMYFUNCTION("""COMPUTED_VALUE"""),1000.0) -> 1000 | J36: =IFERROR(__xludf.DUMMYFUNCTION("""COMPUTED_VALUE"""),1100.0) -> 1100 | K36: =IFERROR(__xludf.DUMMYFUNCTION("""COMPUTED_VALUE"""),1200.0) -> 1200 | L36: =IFERROR(__xludf.DUMMYFUNCTION("""COMPUTED_VALUE"""),1300.0) -> 1300 | M36: =IFERROR(__xludf.DUMMYFUNCTION("""COMPUTED_VALUE"""),1400.0) -> 1400 | N36: =IFERROR(__xludf.DUMMYFUNCTION("""COMPUTED_VALUE"""),1500.0) -> 1500 | O36: =IFERROR(__xludf.DUMMYFUNCTION("""COMPUTED_VALUE"""),1600.0) -> 1600 | Q36: =IFERROR(__xludf.DUMMYFUNCTION("""COMPUTED_VALUE"""),1494.0) -> 1494 | R36: =IFERROR(__xludf.DUMMYFUNCTION("""COMPUTED_VALUE"""),1722.0) -> 1722
C37: =IFERROR(__xludf.DUMMYFUNCTION("""COMPUTED_VALUE"""),"Floating Heads Timing 400% Larger") -> Floating Heads Timing 400% Larger | D37: =round(irank!$D36*100,0)&"%" -> 0% | G37: =IFERROR(__xludf.DUMMYFUNCTION("sparkline( F37 - choose(match(F37, {0, H37:O37}), 0, H37, I37, J37, K37, L37, M37, N37, O37), { ""charttype"", ""bar""; ""max"", choose(match(F37, {0, H37:O37}), H37, I37-H37, J37-I37, K37-J37, L37-K37, M37-L37, N37-M37, O37-N37, 0); ""nan"&""", ""ignore""; ""color1"", iferror(choose(match(F37, {0, H37:O37}), ""#CE3D30"", ""#F85939"", ""#F1C338"", ""#9CFF91"", ""#02A4D3"", ""#C2C2FF"", ""#5C3896"", ""#C74375"", ""#C74375"" )) } )"),"") | H37: =IFERROR(__xludf.DUMMYFUNCTION("""COMPUTED_VALUE"""),1950.0) -> 1950 | I37: =IFERROR(__xludf.DUMMYFUNCTION("""COMPUTED_VALUE"""),2300.0) -> 2300 | J37: =IFERROR(__xludf.DUMMYFUNCTION("""COMPUTED_VALUE"""),2650.0) -> 2650 | K37: =IFERROR(__xludf.DUMMYFUNCTION("""COMPUTED_VALUE"""),3000.0) -> 3000 | L37: =IFERROR(__xludf.DUMMYFUNCTION("""COMPUTED_VALUE"""),3350.0) -> 3350 | M37: =IFERROR(__xludf.DUMMYFUNCTION("""COMPUTED_VALUE"""),3650.0) -> 3650 | N37: =IFERROR(__xludf.DUMMYFUNCTION("""COMPUTED_VALUE"""),3900.0) -> 3900 | O37: =IFERROR(__xludf.DUMMYFUNCTION("""COMPUTED_VALUE"""),4200.0) -> 4200 | Q37: =IFERROR(__xludf.DUMMYFUNCTION("""COMPUTED_VALUE"""),3996.0) -> 3996 | R37: =IFERROR(__xludf.DUMMYFUNCTION("""COMPUTED_VALUE"""),4896.0) -> 4896
C38: =IFERROR(__xludf.DUMMYFUNCTION("""COMPUTED_VALUE"""),"voxTargetClick 20% Small") -> voxTargetClick 20% Small | D38: =round(irank!$D37*100,0)&"%" -> 0% | G38: =IFERROR(__xludf.DUMMYFUNCTION("sparkline( F38 - choose(match(F38, {0, H38:O38}), 0, H38, I38, J38, K38, L38, M38, N38, O38), { ""charttype"", ""bar""; ""max"", choose(match(F38, {0, H38:O38}), H38, I38-H38, J38-I38, K38-J38, L38-K38, M38-L38, N38-M38, O38-N38, 0); ""nan"&""", ""ignore""; ""color1"", iferror(choose(match(F38, {0, H38:O38}), ""#CE3D30"", ""#F85939"", ""#F1C338"", ""#9CFF91"", ""#02A4D3"", ""#C2C2FF"", ""#5C3896"", ""#C74375"", ""#C74375"" )) } )"),"") | H38: =IFERROR(__xludf.DUMMYFUNCTION("""COMPUTED_VALUE"""),62.0) -> 62 | I38: =IFERROR(__xludf.DUMMYFUNCTION("""COMPUTED_VALUE"""),72.0) -> 72 | J38: =IFERROR(__xludf.DUMMYFUNCTION("""COMPUTED_VALUE"""),80.0) -> 80 | K38: =IFERROR(__xludf.DUMMYFUNCTION("""COMPUTED_VALUE"""),87.0) -> 87 | L38: =IFERROR(__xludf.DUMMYFUNCTION("""COMPUTED_VALUE"""),95.0) -> 95 | M38: =IFERROR(__xludf.DUMMYFUNCTION("""COMPUTED_VALUE"""),102.0) -> 102 | N38: =IFERROR(__xludf.DUMMYFUNCTION("""COMPUTED_VALUE"""),108.0) -> 108 | O38: =IFERROR(__xludf.DUMMYFUNCTION("""COMPUTED_VALUE"""),116.0) -> 116 | Q38: =IFERROR(__xludf.DUMMYFUNCTION("""COMPUTED_VALUE"""),105.0) -> 105 | R38: =IFERROR(__xludf.DUMMYFUNCTION("""COMPUTED_VALUE"""),128.0) -> 128

Sheet Hard Scenarios
A1: Viscose Hard Scenarios | E1: =arank!A1 -> Unranked | H1: ="Playlist Code: " -> Playlist Code: | J1: KovaaKsTrollingFedCallout
C2: Scenario | D2: =round((sum(arank!D2:arank!D37)*100),0) -> 0 | E2: =" High Score" -> High Score | G2: Progress | H2: Wool | I2: Linen | J2: Velvet | K2: Chiffon | L2: Satin | M2: Silk | O2: Viscose
A3: Control Tracking | B3: Arm | C3: =IFERROR(__xludf.DUMMYFUNCTION("importrange(""https://docs.google.com/spreadsheets/d/1k3XRRwn-mAbvb3rXIODFPrsnkgSEfh0xg1EWJICcSPo/edit?usp=sharing"",""Advanced!C3:C38"")"),"WhisphereRawControl 30% Small") -> WhisphereRawControl 30% Small | D3: =round(arank!$D2*100,0)&"%" -> 0% | G3: =IFERROR(__xludf.DUMMYFUNCTION("sparkline( F3 - choose(match(F3, {0, H3:M3}), 0, H3, I3, J3, K3, L3, M3), { ""charttype"", ""bar""; ""max"", choose(match(F3, {0, H3:M3}), H3, I3-H3, J3-I3, K3-J3, L3-K3, M3-L3, 0); ""nan"", ""ignore""; ""color1"", iferror(choose(match"&"(F3, {0, H3:M3}), ""#F1ECEB"", ""#EED3CE"", ""#EEC8C7"", ""#B3E0F4"", ""#77B7D0"", ""#468DA3"", ""#468DA3"" )) } )"),"") | H3: =IFERROR(__xludf.DUMMYFUNCTION("importrange(""https://docs.google.com/spreadsheets/d/1k3XRRwn-mAbvb3rXIODFPrsnkgSEfh0xg1EWJICcSPo/edit?usp=sharing"",""Advanced!D3:K38"")"),7100.0) -> 7100 | I3: =IFERROR(__xludf.DUMMYFUNCTION("""COMPUTED_VALUE"""),7700.0) -> 7700 | J3: =IFERROR(__xludf.DUMMYFUNCTION("""COMPUTED_VALUE"""),8300.0) -> 8300 | K3: =IFERROR(__xludf.DUMMYFUNCTION("""COMPUTED_VALUE"""),8900.0) -> 8900 | L3: =IFERROR(__xludf.DUMMYFUNCTION("""COMPUTED_VALUE"""),9900.0) -> 9900 | M3: =IFERROR(__xludf.DUMMYFUNCTION("""COMPUTED_VALUE"""),11000.0) -> 11000 | O3: =IFERROR(__xludf.DUMMYFUNCTION("""COMPUTED_VALUE"""),11872.0) -> 11872
C4: =IFERROR(__xludf.DUMMYFUNCTION("""COMPUTED_VALUE"""),"Whisphere Small & Slow") -> Whisphere Small & Slow | D4: =round(arank!$D3*100,0)&"%" -> 0% | G4: =IFERROR(__xludf.DUMMYFUNCTION("sparkline( F4 - choose(match(F4, {0, H4:M4}), 0, H4, I4, J4, K4, L4, M4), { ""charttype"", ""bar""; ""max"", choose(match(F4, {0, H4:M4}), H4, I4-H4, J4-I4, K4-J4, L4-K4, M4-L4, 0); ""nan"", ""ignore""; ""color1"", iferror(choose(match"&"(F4, {0, H4:M4}), ""#F1ECEB"", ""#EED3CE"", ""#EEC8C7"", ""#B3E0F4"", ""#77B7D0"", ""#468DA3"", ""#468DA3"" )) } )"),"") | H4: =IFERROR(__xludf.DUMMYFUNCTION("""COMPUTED_VALUE"""),14000.0) -> 14000 | I4: =IFERROR(__xludf.DUMMYFUNCTION("""COMPUTED_VALUE"""),15250.0) -> 15250 | J4: =IFERROR(__xludf.DUMMYFUNCTION("""COMPUTED_VALUE"""),16500.0) -> 16500 | K4: =IFERROR(__xludf.DUMMYFUNCTION("""COMPUTED_VALUE"""),18000.0) -> 18000 | L4: =IFERROR(__xludf.DUMMYFUNCTION("""COMPUTED_VALUE"""),19500.0) -> 19500 | M4: =IFERROR(__xludf.DUMMYFUNCTION("""COMPUTED_VALUE"""),20500.0) -> 20500 | O4: =IFERROR(__xludf.DUMMYFUNCTION("""COMPUTED_VALUE"""),21490.0) -> 21490
C5: =IFERROR(__xludf.DUMMYFUNCTION("""COMPUTED_VALUE"""),"SmoothBot Invincible Goated Smaller") -> SmoothBot Invincible Goated Smaller | D5: =round(arank!$D4*100,0)&"%" -> 0% | G5: =IFERROR(__xludf.DUMMYFUNCTION("sparkline( F5 - choose(match(F5, {0, H5:M5}), 0, H5, I5, J5, K5, L5, M5), { ""charttype"", ""bar""; ""max"", choose(match(F5, {0, H5:M5}), H5, I5-H5, J5-I5, K5-J5, L5-K5, M5-L5, 0); ""nan"", ""ignore""; ""color1"", iferror(choose(match"&"(F5, {0, H5:M5}), ""#F1ECEB"", ""#EED3CE"", ""#EEC8C7"", ""#B3E0F4"", ""#77B7D0"", ""#468DA3"", ""#468DA3"" )) } )"),"") | H5: =IFERROR(__xludf.DUMMYFUNCTION("""COMPUTED_VALUE"""),2700.0) -> 2700 | I5: =IFERROR(__xludf.DUMMYFUNCTION("""COMPUTED_VALUE"""),3200.0) -> 3200 | J5: =IFERROR(__xludf.DUMMYFUNCTION("""COMPUTED_VALUE"""),3450.0) -> 3450 | K5: =IFERROR(__xludf.DUMMYFUNCTION("""COMPUTED_VALUE"""),3850.0) -> 3850 | L5: =IFERROR(__xludf.DUMMYFUNCTION("""COMPUTED_VALUE"""),4200.0) -> 4200 | M5: =IFERROR(__xludf.DUMMYFUNCTION("""COMPUTED_VALUE"""),4450.0) -> 4450 | O5: =IFERROR(__xludf.DUMMYFUNCTION("""COMPUTED_VALUE"""),4494.0) -> 4494
B6: Wrist | C6: =IFERROR(__xludf.DUMMYFUNCTION("""COMPUTED_VALUE"""),"Leaptrack Goated 80%") -> Leaptrack Goated 80% | D6: =round(arank!$D5*100,0)&"%" -> 0% | G6: =IFERROR(__xludf.DUMMYFUNCTION("sparkline( F6 - choose(match(F6, {0, H6:M6}), 0, H6, I6, J6, K6, L6, M6), { ""charttype"", ""bar""; ""max"", choose(match(F6, {0, H6:M6}), H6, I6-H6, J6-I6, K6-J6, L6-K6, M6-L6, 0); ""nan"", ""ignore""; ""color1"", iferror(choose(match"&"(F6, {0, H6:M6}), ""#F1ECEB"", ""#EED3CE"", ""#EEC8C7"", ""#B3E0F4"", ""#77B7D0"", ""#468DA3"", ""#468DA3"" )) } )"),"") | H6: =IFERROR(__xludf.DUMMYFUNCTION("""COMPUTED_VALUE"""),2500.0) -> 2500 | I6: =IFERROR(__xludf.DUMMYFUNCTION("""COMPUTED_VALUE"""),2625.0) -> 2625 | J6: =IFERROR(__xludf.DUMMYFUNCTION("""COMPUTED_VALUE"""),2750.0) -> 2750 | K6: =IFERROR(__xludf.DUMMYFUNCTION("""COMPUTED_VALUE"""),2850.0) -> 2850 | L6: =IFERROR(__xludf.DUMMYFUNCTION("""COMPUTED_VALUE"""),3000.0) -> 3000 | M6: =IFERROR(__xludf.DUMMYFUNCTION("""COMPUTED_VALUE"""),3200.0) -> 3200 | O6: =IFERROR(__xludf.DUMMYFUNCTION("""COMPUTED_VALUE"""),3210.0) -> 3210
C7: =IFERROR(__xludf.DUMMYFUNCTION("""COMPUTED_VALUE"""),"Controlsphere rAim") -> Controlsphere rAim | D7: =round(arank!$D6*100,0)&"%" -> 0% | G7: =IFERROR(__xludf.DUMMYFUNCTION("sparkline( F7 - choose(match(F7, {0, H7:M7}), 0, H7, I7, J7, K7, L7, M7), { ""charttype"", ""bar""; ""max"", choose(match(F7, {0, H7:M7}), H7, I7-H7, J7-I7, K7-J7, L7-K7, M7-L7, 0); ""nan"", ""ignore""; ""color1"", iferror(choose(match"&"(F7, {0, H7:M7}), ""#F1ECEB"", ""#EED3CE"", ""#EEC8C7"", ""#B3E0F4"", ""#77B7D0"", ""#468DA3"", ""#468DA3"" )) } )"),"") | H7: =IFERROR(__xludf.DUMMYFUNCTION("""COMPUTED_VALUE"""),9100.0) -> 9100 | I7: =IFERROR(__xludf.DUMMYFUNCTION("""COMPUTED_VALUE"""),9850.0) -> 9850 | J7: =IFERROR(__xludf.DUMMYFUNCTION("""COMPUTED_VALUE"""),10700.0) -> 10700 | K7: =IFERROR(__xludf.DUMMYFUNCTION("""COMPUTED_VALUE"""),11300.0) -> 11300 | L7: =IFERROR(__xludf.DUMMYFUNCTION("""COMPUTED_VALUE"""),11900.0) -> 11900 | M7: =IFERROR(__xludf.DUMMYFUNCTION("""COMPUTED_VALUE"""),12350.0) -> 12350 | O7: =IFERROR(__xludf.DUMMYFUNCTION("""COMPUTED_VALUE"""),12894.0) -> 12894
C8: =IFERROR(__xludf.DUMMYFUNCTION("""COMPUTED_VALUE"""),"VT Controlsphere Intermediate Hard") -> VT Controlsphere Intermediate Hard | D8: =round(arank!$D7*100,0)&"%" -> 0% | G8: =IFERROR(__xludf.DUMMYFUNCTION("sparkline( F8 - choose(match(F8, {0, H8:M8}), 0, H8, I8, J8, K8, L8, M8), { ""charttype"", ""bar""; ""max"", choose(match(F8, {0, H8:M8}), H8, I8-H8, J8-I8, K8-J8, L8-K8, M8-L8, 0); ""nan"", ""ignore""; ""color1"", iferror(choose(match"&"(F8, {0, H8:M8}), ""#F1ECEB"", ""#EED3CE"", ""#EEC8C7"", ""#B3E0F4"", ""#77B7D0"", ""#468DA3"", ""#468DA3"" )) } )"),"") | H8: =IFERROR(__xludf.DUMMYFUNCTION("""COMPUTED_VALUE"""),2850.0) -> 2850 | I8: =IFERROR(__xludf.DUMMYFUNCTION("""COMPUTED_VALUE"""),3200.0) -> 3200 | J8: =IFERROR(__xludf.DUMMYFUNCTION("""COMPUTED_VALUE"""),3500.0) -> 3500 | K8: =IFERROR(__xludf.DUMMYFUNCTION("""COMPUTED_VALUE"""),3800.0) -> 3800 | L8: =IFERROR(__xludf.DUMMYFUNCTION("""COMPUTED_VALUE"""),4000.0) -> 4000 | M8: =IFERROR(__xludf.DUMMYFUNCTION("""COMPUTED_VALUE"""),4200.0) -> 4200 | O8: =IFERROR(__xludf.DUMMYFUNCTION("""COMPUTED_VALUE"""),4497.0) -> 4497
B9: Fingertip | C9: =IFERROR(__xludf.DUMMYFUNCTION("""COMPUTED_VALUE"""),"Air Angelic 4 Voltaic") -> Air Angelic 4 Voltaic | D9: =round(arank!$D8*100,0)&"%" -> 0% | G9: =IFERROR(__xludf.DUMMYFUNCTION("sparkline( F9 - choose(match(F9, {0, H9:M9}), 0, H9, I9, J9, K9, L9, M9), { ""charttype"", ""bar""; ""max"", choose(match(F9, {0, H9:M9}), H9, I9-H9, J9-I9, K9-J9, L9-K9, M9-L9, 0); ""nan"", ""ignore""; ""color1"", iferror(choose(match"&"(F9, {0, H9:M9}), ""#F1ECEB"", ""#EED3CE"", ""#EEC8C7"", ""#B3E0F4"", ""#77B7D0"", ""#468DA3"", ""#468DA3"" )) } )"),"") | H9: =IFERROR(__xludf.DUMMYFUNCTION("""COMPUTED_VALUE"""),3300.0) -> 3300 | I9: =IFERROR(__xludf.DUMMYFUNCTION("""COMPUTED_VALUE"""),3650.0) -> 3650 | J9: =IFERROR(__xludf.DUMMYFUNCTION("""COMPUTED_VALUE"""),3850.0) -> 3850 | K9: =IFERROR(__xludf.DUMMYFUNCTION("""COMPUTED_VALUE"""),4100.0) -> 4100 | L9: =IFERROR(__xludf.DUMMYFUNCTION("""COMPUTED_VALUE"""),4225.0) -> 4225 | M9: =IFERROR(__xludf.DUMMYFUNCTION("""COMPUTED_VALUE"""),4350.0) -> 4350 | O9: =IFERROR(__xludf.DUMMYFUNCTION("""COMPUTED_VALUE"""),4440.0) -> 4440
C10: =IFERROR(__xludf.DUMMYFUNCTION("""COMPUTED_VALUE"""),"Cloverrawcontrol") -> Cloverrawcontrol | D10: =round(arank!$D9*100,0)&"%" -> 0% | G10: =IFERROR(__xludf.DUMMYFUNCTION("sparkline( F10 - choose(match(F10, {0, H10:M10}), 0, H10, I10, J10, K10, L10, M10), { ""charttype"", ""bar""; ""max"", choose(match(F10, {0, H10:M10}), H10, I10-H10, J10-I10, K10-J10, L10-K10, M10-L10, 0); ""nan"", ""ignore""; ""color1"&""", iferror(choose(match(F10, {0, H10:M10}), ""#F1ECEB"", ""#EED3CE"", ""#EEC8C7"", ""#B3E0F4"", ""#77B7D0"", ""#468DA3"", ""#468DA3"" )) } )"),"") | H10: =IFERROR(__xludf.DUMMYFUNCTION("""COMPUTED_VALUE"""),7000.0) -> 7000 | I10: =IFERROR(__xludf.DUMMYFUNCTION("""COMPUTED_VALUE"""),7650.0) -> 7650 | J10: =IFERROR(__xludf.DUMMYFUNCTION("""COMPUTED_VALUE"""),8200.0) -> 8200 | K10: =IFERROR(__xludf.DUMMYFUNCTION("""COMPUTED_VALUE"""),8650.0) -> 8650 | L10: =IFERROR(__xludf.DUMMYFUNCTION("""COMPUTED_VALUE"""),9200.0) -> 9200 | M10: =IFERROR(__xludf.DUMMYFUNCTION("""COMPUTED_VALUE"""),10100.0) -> 10100 | O10: =IFERROR(__xludf.DUMMYFUNCTION("""COMPUTED_VALUE"""),10671.0) -> 10671
C11: =IFERROR(__xludf.DUMMYFUNCTION("""COMPUTED_VALUE"""),"Controlsphere Far") -> Controlsphere Far | D11: =round(arank!$D10*100,0)&"%" -> 0% | G11: =IFERROR(__xludf.DUMMYFUNCTION("sparkline( F11 - choose(match(F11, {0, H11:M11}), 0, H11, I11, J11, K11, L11, M11), { ""charttype"", ""bar""; ""max"", choose(match(F11, {0, H11:M11}), H11, I11-H11, J11-I11, K11-J11, L11-K11, M11-L11, 0); ""nan"", ""ignore""; ""color1"&""", iferror(choose(match(F11, {0, H11:M11}), ""#F1ECEB"", ""#EED3CE"", ""#EEC8C7"", ""#B3E0F4"", ""#77B7D0"", ""#468DA3"", ""#468DA3"" )) } )"),"") | H11: =IFERROR(__xludf.DUMMYFUNCTION("""COMPUTED_VALUE"""),8600.0) -> 8600 | I11: =IFERROR(__xludf.DUMMYFUNCTION("""COMPUTED_VALUE"""),9200.0) -> 9200 | J11: =IFERROR(__xludf.DUMMYFUNCTION("""COMPUTED_VALUE"""),9800.0) -> 9800 | K11: =IFERROR(__xludf.DUMMYFUNCTION("""COMPUTED_VALUE"""),10600.0) -> 10600 | L11: =IFERROR(__xludf.DUMMYFUNCTION("""COMPUTED_VALUE"""),11200.0) -> 11200 | M11: =IFERROR(__xludf.DUMMYFUNCTION("""COMPUTED_VALUE"""),12000.0) -> 12000 | O11: =IFERROR(__xludf.DUMMYFUNCTION("""COMPUTED_VALUE"""),12321.0) -> 12321
B12: Blending | C12: =IFERROR(__xludf.DUMMYFUNCTION("""COMPUTED_VALUE"""),"PGTI Voltaic") -> PGTI Voltaic | D12: =round(arank!$D11*100,0)&"%" -> 0% | G12: =IFERROR(__xludf.DUMMYFUNCTION("sparkline( F12 - choose(match(F12, {0, H12:M12}), 0, H12, I12, J12, K12, L12, M12), { ""charttype"", ""bar""; ""max"", choose(match(F12, {0, H12:M12}), H12, I12-H12, J12-I12, K12-J12, L12-K12, M12-L12, 0); ""nan"", ""ignore""; ""color1"&""", iferror(choose(match(F12, {0, H12:M12}), ""#F1ECEB"", ""#EED3CE"", ""#EEC8C7"", ""#B3E0F4"", ""#77B7D0"", ""#468DA3"", ""#468DA3"" )) } )"),"") | H12: =IFERROR(__xludf.DUMMYFUNCTION("""COMPUTED_VALUE"""),1350.0) -> 1350 | I12: =IFERROR(__xludf.DUMMYFUNCTION("""COMPUTED_VALUE"""),1650.0) -> 1650 | J12: =IFERROR(__xludf.DUMMYFUNCTION("""COMPUTED_VALUE"""),1900.0) -> 1900 | K12: =IFERROR(__xludf.DUMMYFUNCTION("""COMPUTED_VALUE"""),2150.0) -> 2150 | L12: =IFERROR(__xludf.DUMMYFUNCTION("""COMPUTED_VALUE"""),2400.0) -> 2400 | M12: =IFERROR(__xludf.DUMMYFUNCTION("""COMPUTED_VALUE"""),2700.0) -> 2700 | O12: =IFERROR(__xludf.DUMMYFUNCTION("""COMPUTED_VALUE"""),2801.0) -> 2801
C13: =IFERROR(__xludf.DUMMYFUNCTION("""COMPUTED_VALUE"""),"Air CELESTIAL") -> Air CELESTIAL | D13: =round(arank!$D12*100,0)&"%" -> 0% | G13: =IFERROR(__xludf.DUMMYFUNCTION("sparkline( F13 - choose(match(F13, {0, H13:M13}), 0, H13, I13, J13, K13, L13, M13), { ""charttype"", ""bar""; ""max"", choose(match(F13, {0, H13:M13}), H13, I13-H13, J13-I13, K13-J13, L13-K13, M13-L13, 0); ""nan"", ""ignore""; ""color1"&""", iferror(choose(match(F13, {0, H13:M13}), ""#F1ECEB"", ""#EED3CE"", ""#EEC8C7"", ""#B3E0F4"", ""#77B7D0"", ""#468DA3"", ""#468DA3"" )) } )"),"") | H13: =IFERROR(__xludf.DUMMYFUNCTION("""COMPUTED_VALUE"""),867.0) -> 867 | I13: =IFERROR(__xludf.DUMMYFUNCTION("""COMPUTED_VALUE"""),875.0) -> 875 | J13: =IFERROR(__xludf.DUMMYFUNCTION("""COMPUTED_VALUE"""),885.0) -> 885 | K13: =IFERROR(__xludf.DUMMYFUNCTION("""COMPUTED_VALUE"""),890.0) -> 890 | L13: =IFERROR(__xludf.DUMMYFUNCTION("""COMPUTED_VALUE"""),894.0) -> 894 | M13: =IFERROR(__xludf.DUMMYFUNCTION("""COMPUTED_VALUE"""),897.0) -> 897 | O13: =IFERROR(__xludf.DUMMYFUNCTION("""COMPUTED_VALUE"""),901.5) -> 901.5
C14: =IFERROR(__xludf.DUMMYFUNCTION("""COMPUTED_VALUE"""),"Whisphere Extra Small & Slow") -> Whisphere Extra Small & Slow | D14: =round(arank!$D13*100,0)&"%" -> 0% | G14: =IFERROR(__xludf.DUMMYFUNCTION("sparkline( F14 - choose(match(F14, {0, H14:M14}), 0, H14, I14, J14, K14, L14, M14), { ""charttype"", ""bar""; ""max"", choose(match(F14, {0, H14:M14}), H14, I14-H14, J14-I14, K14-J14, L14-K14, M14-L14, 0); ""nan"", ""ignore""; ""color1"&""", iferror(choose(match(F14, {0, H14:M14}), ""#F1ECEB"", ""#EED3CE"", ""#EEC8C7"", ""#B3E0F4"", ""#77B7D0"", ""#468DA3"", ""#468DA3"" )) } )"),"") | H14: =IFERROR(__xludf.DUMMYFUNCTION("""COMPUTED_VALUE"""),8500.0) -> 8500 | I14: =IFERROR(__xludf.DUMMYFUNCTION("""COMPUTED_VALUE"""),10300.0) -> 10300 | J14: =IFERROR(__xludf.DUMMYFUNCTION("""COMPUTED_VALUE"""),11000.0) -> 11000 | K14: =IFERROR(__xludf.DUMMYFUNCTION("""COMPUTED_VALUE"""),12500.0) -> 12500 | L14: =IFERROR(__xludf.DUMMYFUNCTION("""COMPUTED_VALUE"""),13500.0) -> 13500 | M14: =IFERROR(__xludf.DUMMYFUNCTION("""COMPUTED_VALUE"""),14500.0) -> 14500 | O14: =IFERROR(__xludf.DUMMYFUNCTION("""COMPUTED_VALUE"""),15230.0) -> 15230
A15: Reactive Tracking | B15: Control | C15: =IFERROR(__xludf.DUMMYFUNCTION("""COMPUTED_VALUE"""),"Ground Plaza Sparky v3 Thin") -> Ground Plaza Sparky v3 Thin | D15: =round(arank!$D14*100,0)&"%" -> 0% | G15: =IFERROR(__xludf.DUMMYFUNCTION("sparkline( F15 - choose(match(F15, {0, H15:M15}), 0, H15, I15, J15, K15, L15, M15), { ""charttype"", ""bar""; ""max"", choose(match(F15, {0, H15:M15}), H15, I15-H15, J15-I15, K15-J15, L15-K15, M15-L15, 0); ""nan"", ""ignore""; ""color1"&""", iferror(choose(match(F15, {0, H15:M15}), ""#F1ECEB"", ""#EED3CE"", ""#EEC8C7"", ""#B3E0F4"", ""#77B7D0"", ""#468DA3"", ""#468DA3"" )) } )"),"") | H15: =IFERROR(__xludf.DUMMYFUNCTION("""COMPUTED_VALUE"""),881.0) -> 881 | I15: =IFERROR(__xludf.DUMMYFUNCTION("""COMPUTED_VALUE"""),886.0) -> 886 | J15: =IFERROR(__xludf.DUMMYFUNCTION("""COMPUTED_VALUE"""),891.0) -> 891 | K15: =IFERROR(__xludf.DUMMYFUNCTION("""COMPUTED_VALUE"""),895.0) -> 895 | L15: =IFERROR(__xludf.DUMMYFUNCTION("""COMPUTED_VALUE"""),898.0) -> 898 | M15: =IFERROR(__xludf.DUMMYFUNCTION("""COMPUTED_VALUE"""),901.0) -> 901 | O15: =IFERROR(__xludf.DUMMYFUNCTION("""COMPUTED_VALUE"""),904.0) -> 904
C16: =IFERROR(__xludf.DUMMYFUNCTION("""COMPUTED_VALUE"""),"Controlsphere OW 150%") -> Controlsphere OW 150% | D16: =round(arank!$D15*100,0)&"%" -> 0% | G16: =IFERROR(__xludf.DUMMYFUNCTION("sparkline( F16 - choose(match(F16, {0, H16:M16}), 0, H16, I16, J16, K16, L16, M16), { ""charttype"", ""bar""; ""max"", choose(match(F16, {0, H16:M16}), H16, I16-H16, J16-I16, K16-J16, L16-K16, M16-L16, 0); ""nan"", ""ignore""; ""color1"&""", iferror(choose(match(F16, {0, H16:M16}), ""#F1ECEB"", ""#EED3CE"", ""#EEC8C7"", ""#B3E0F4"", ""#77B7D0"", ""#468DA3"", ""#468DA3"" )) } )"),"") | H16: =IFERROR(__xludf.DUMMYFUNCTION("""COMPUTED_VALUE"""),6900.0) -> 6900 | I16: =IFERROR(__xludf.DUMMYFUNCTION("""COMPUTED_VALUE"""),7600.0) -> 7600 | J16: =IFERROR(__xludf.DUMMYFUNCTION("""COMPUTED_VALUE"""),8100.0) -> 8100 | K16: =IFERROR(__xludf.DUMMYFUNCTION("""COMPUTED_VALUE"""),8525.0) -> 8525 | L16: =IFERROR(__xludf.DUMMYFUNCTION("""COMPUTED_VALUE"""),8950.0) -> 8950 | M16: =IFERROR(__xludf.DUMMYFUNCTION("""COMPUTED_VALUE"""),9500.0) -> 9500 | O16: =IFERROR(__xludf.DUMMYFUNCTION("""COMPUTED_VALUE"""),9525.0) -> 9525
B17: Speed | C17: =IFERROR(__xludf.DUMMYFUNCTION("""COMPUTED_VALUE"""),"Flicker Plaza") -> Flicker Plaza | D17: =round(arank!$D16*100,0)&"%" -> 0% | G17: =IFERROR(__xludf.DUMMYFUNCTION("sparkline( F17 - choose(match(F17, {0, H17:M17}), 0, H17, I17, J17, K17, L17, M17), { ""charttype"", ""bar""; ""max"", choose(match(F17, {0, H17:M17}), H17, I17-H17, J17-I17, K17-J17, L17-K17, M17-L17, 0); ""nan"", ""ignore""; ""color1"&""", iferror(choose(match(F17, {0, H17:M17}), ""#F1ECEB"", ""#EED3CE"", ""#EEC8C7"", ""#B3E0F4"", ""#77B7D0"", ""#468DA3"", ""#468DA3"" )) } )"),"") | H17: =IFERROR(__xludf.DUMMYFUNCTION("""COMPUTED_VALUE"""),890.0) -> 890 | I17: =IFERROR(__xludf.DUMMYFUNCTION("""COMPUTED_VALUE"""),896.0) -> 896 | J17: =IFERROR(__xludf.DUMMYFUNCTION("""COMPUTED_VALUE"""),901.0) -> 901 | K17: =IFERROR(__xludf.DUMMYFUNCTION("""COMPUTED_VALUE"""),905.0) -> 905 | L17: =IFERROR(__xludf.DUMMYFUNCTION("""COMPUTED_VALUE"""),910.0) -> 910 | M17: =IFERROR(__xludf.DUMMYFUNCTION("""COMPUTED_VALUE"""),914.0) -> 914 | O17: =IFERROR(__xludf.DUMMYFUNCTION("""COMPUTED_VALUE"""),916.0) -> 916
C18: =IFERROR(__xludf.DUMMYFUNCTION("""COMPUTED_VALUE"""),"Polarized Hell 20% Slower") -> Polarized Hell 20% Slower | D18: =round(arank!$D17*100,0)&"%" -> 0% | G18: =IFERROR(__xludf.DUMMYFUNCTION("sparkline( F18 - choose(match(F18, {0, H18:M18}), 0, H18, I18, J18, K18, L18, M18), { ""charttype"", ""bar""; ""max"", choose(match(F18, {0, H18:M18}), H18, I18-H18, J18-I18, K18-J18, L18-K18, M18-L18, 0); ""nan"", ""ignore""; ""color1"&""", iferror(choose(match(F18, {0, H18:M18}), ""#F1ECEB"", ""#EED3CE"", ""#EEC8C7"", ""#B3E0F4"", ""#77B7D0"", ""#468DA3"", ""#468DA3"" )) } )"),"") | H18: =IFERROR(__xludf.DUMMYFUNCTION("""COMPUTED_VALUE"""),2550.0) -> 2550 | I18: =IFERROR(__xludf.DUMMYFUNCTION("""COMPUTED_VALUE"""),2700.0) -> 2700 | J18: =IFERROR(__xludf.DUMMYFUNCTION("""COMPUTED_VALUE"""),2850.0) -> 2850 | K18: =IFERROR(__xludf.DUMMYFUNCTION("""COMPUTED_VALUE"""),3000.0) -> 3000 | L18: =IFERROR(__xludf.DUMMYFUNCTION("""COMPUTED_VALUE"""),3150.0) -> 3150 | M18: =IFERROR(__xludf.DUMMYFUNCTION("""COMPUTED_VALUE"""),3300.0) -> 3300 | O18: =IFERROR(__xludf.DUMMYFUNCTION("""COMPUTED_VALUE"""),3319.0) -> 3319
B19: Reading | C19: =IFERROR(__xludf.DUMMYFUNCTION("""COMPUTED_VALUE"""),"Air Pure") -> Air Pure | D19: =round(arank!$D18*100,0)&"%" -> 0% | G19: =IFERROR(__xludf.DUMMYFUNCTION("sparkline( F19 - choose(match(F19, {0, H19:M19}), 0, H19, I19, J19, K19, L19, M19), { ""charttype"", ""bar""; ""max"", choose(match(F19, {0, H19:M19}), H19, I19-H19, J19-I19, K19-J19, L19-K19, M19-L19, 0); ""nan"", ""ignore""; ""color1"&""", iferror(choose(match(F19, {0, H19:M19}), ""#F1ECEB"", ""#EED3CE"", ""#EEC8C7"", ""#B3E0F4"", ""#77B7D0"", ""#468DA3"", ""#468DA3"" )) } )"),"") | H19: =IFERROR(__xludf.DUMMYFUNCTION("""COMPUTED_VALUE"""),884.0) -> 884 | I19: =IFERROR(__xludf.DUMMYFUNCTION("""COMPUTED_VALUE"""),890.0) -> 890 | J19: =IFERROR(__xludf.DUMMYFUNCTION("""COMPUTED_VALUE"""),895.0) -> 895 | K19: =IFERROR(__xludf.DUMMYFUNCTION("""COMPUTED_VALUE"""),900.0) -> 900 | L19: =IFERROR(__xludf.DUMMYFUNCTION("""COMPUTED_VALUE"""),905.0) -> 905 | M19: =IFERROR(__xludf.DUMMYFUNCTION("""COMPUTED_VALUE"""),909.0) -> 909 | O19: =IFERROR(__xludf.DUMMYFUNCTION("""COMPUTED_VALUE"""),915.5) -> 915.5
C20: =IFERROR(__xludf.DUMMYFUNCTION("""COMPUTED_VALUE"""),"Air Voltaic Invincible 4") -> Air Voltaic Invincible 4 | D20: =round(arank!$D19*100,0)&"%" -> 0% | G20: =IFERROR(__xludf.DUMMYFUNCTION("sparkline( F20 - choose(match(F20, {0, H20:M20}), 0, H20, I20, J20, K20, L20, M20), { ""charttype"", ""bar""; ""max"", choose(match(F20, {0, H20:M20}), H20, I20-H20, J20-I20, K20-J20, L20-K20, M20-L20, 0); ""nan"", ""ignore""; ""color1"&""", iferror(choose(match(F20, {0, H20:M20}), ""#F1ECEB"", ""#EED3CE"", ""#EEC8C7"", ""#B3E0F4"", ""#77B7D0"", ""#468DA3"", ""#468DA3"" )) } )"),"") | H20: =IFERROR(__xludf.DUMMYFUNCTION("""COMPUTED_VALUE"""),2800.0) -> 2800 | I20: =IFERROR(__xludf.DUMMYFUNCTION("""COMPUTED_VALUE"""),3150.0) -> 3150 | J20: =IFERROR(__xludf.DUMMYFUNCTION("""COMPUTED_VALUE"""),3450.0) -> 3450 | K20: =IFERROR(__xludf.DUMMYFUNCTION("""COMPUTED_VALUE"""),3700.0) -> 3700 | L20: =IFERROR(__xludf.DUMMYFUNCTION("""COMPUTED_VALUE"""),3900.0) -> 3900 | M20: =IFERROR(__xludf.DUMMYFUNCTION("""COMPUTED_VALUE"""),4100.0) -> 4100 | O20: =IFERROR(__xludf.DUMMYFUNCTION("""COMPUTED_VALUE"""),4230.0) -> 4230
A21: Flick Tech | B21: Speed | C21: =IFERROR(__xludf.DUMMYFUNCTION("""COMPUTED_VALUE"""),"Pokeball Frenzy Auto TE Wide") -> Pokeball Frenzy Auto TE Wide | D21: =round(arank!$D20*100,0)&"%" -> 0% | G21: =IFERROR(__xludf.DUMMYFUNCTION("sparkline( F21 - choose(match(F21, {0, H21:M21}), 0, H21, I21, J21, K21, L21, M21), { ""charttype"", ""bar""; ""max"", choose(match(F21, {0, H21:M21}), H21, I21-H21, J21-I21, K21-J21, L21-K21, M21-L21, 0); ""nan"", ""ignore""; ""color1"&""", iferror(choose(match(F21, {0, H21:M21}), ""#F1ECEB"", ""#EED3CE"", ""#EEC8C7"", ""#B3E0F4"", ""#77B7D0"", ""#468DA3"", ""#468DA3"" )) } )"),"") | H21: =IFERROR(__xludf.DUMMYFUNCTION("""COMPUTED_VALUE"""),3550.0) -> 3550 | I21: =IFERROR(__xludf.DUMMYFUNCTION("""COMPUTED_VALUE"""),3725.0) -> 3725 | J21: =IFERROR(__xludf.DUMMYFUNCTION("""COMPUTED_VALUE"""),3850.0) -> 3850 | K21: =IFERROR(__xludf.DUMMYFUNCTION("""COMPUTED_VALUE"""),4000.0) -> 4000 | L21: =IFERROR(__xludf.DUMMYFUNCTION("""COMPUTED_VALUE"""),4100.0) -> 4100 | M21: =IFERROR(__xludf.DUMMYFUNCTION("""COMPUTED_VALUE"""),4200.0) -> 4200 | O21: =IFERROR(__xludf.DUMMYFUNCTION("""COMPUTED_VALUE"""),4560.0) -> 4560
C22: =IFERROR(__xludf.DUMMYFUNCTION("""COMPUTED_VALUE"""),"1w2ts Reload") -> 1w2ts Reload | D22: =round(arank!$D21*100,0)&"%" -> 0% | G22: =IFERROR(__xludf.DUMMYFUNCTION("sparkline( F22 - choose(match(F22, {0, H22:M22}), 0, H22, I22, J22, K22, L22, M22), { ""charttype"", ""bar""; ""max"", choose(match(F22, {0, H22:M22}), H22, I22-H22, J22-I22, K22-J22, L22-K22, M22-L22, 0); ""nan"", ""ignore""; ""color1"&""", iferror(choose(match(F22, {0, H22:M22}), ""#F1ECEB"", ""#EED3CE"", ""#EEC8C7"", ""#B3E0F4"", ""#77B7D0"", ""#468DA3"", ""#468DA3"" )) } )"),"") | H22: =IFERROR(__xludf.DUMMYFUNCTION("""COMPUTED_VALUE"""),106.0) -> 106 | I22: =IFERROR(__xludf.DUMMYFUNCTION("""COMPUTED_VALUE"""),114.0) -> 114 | J22: =IFERROR(__xludf.DUMMYFUNCTION("""COMPUTED_VALUE"""),121.0) -> 121 | K22: =IFERROR(__xludf.DUMMYFUNCTION("""COMPUTED_VALUE"""),127.0) -> 127 | L22: =IFERROR(__xludf.DUMMYFUNCTION("""COMPUTED_VALUE"""),133.0) -> 133 | M22: =IFERROR(__xludf.DUMMYFUNCTION("""COMPUTED_VALUE"""),138.0) -> 138 | O22: =IFERROR(__xludf.DUMMYFUNCTION("""COMPUTED_VALUE"""),139.0) -> 139
C23: =IFERROR(__xludf.DUMMYFUNCTION("""COMPUTED_VALUE"""),"voxTargetSwitch 2 20% Smaller") -> voxTargetSwitch 2 20% Smaller | D23: =round(arank!$D22*100,0)&"%" -> 0% | G23: =IFERROR(__xludf.DUMMYFUNCTION("sparkline( F23 - choose(match(F23, {0, H23:M23}), 0, H23, I23, J23, K23, L23, M23), { ""charttype"", ""bar""; ""max"", choose(match(F23, {0, H23:M23}), H23, I23-H23, J23-I23, K23-J23, L23-K23, M23-L23, 0); ""nan"", ""ignore""; ""color1"&""", iferror(choose(match(F23, {0, H23:M23}), ""#F1ECEB"", ""#EED3CE"", ""#EEC8C7"", ""#B3E0F4"", ""#77B7D0"", ""#468DA3"", ""#468DA3"" )) } )"),"") | H23: =IFERROR(__xludf.DUMMYFUNCTION("""COMPUTED_VALUE"""),103.0) -> 103 | I23: =IFERROR(__xludf.DUMMYFUNCTION("""COMPUTED_VALUE"""),111.0) -> 111 | J23: =IFERROR(__xludf.DUMMYFUNCTION("""COMPUTED_VALUE"""),116.0) -> 116 | K23: =IFERROR(__xludf.DUMMYFUNCTION("""COMPUTED_VALUE"""),121.0) -> 121 | L23: =IFERROR(__xludf.DUMMYFUNCTION("""COMPUTED_VALUE"""),127.0) -> 127 | M23: =IFERROR(__xludf.DUMMYFUNCTION("""COMPUTED_VALUE"""),133.0) -> 133 | O23: =IFERROR(__xludf.DUMMYFUNCTION("""COMPUTED_VALUE"""),133.55) -> 133.55
B24: Stability | C24: =IFERROR(__xludf.DUMMYFUNCTION("""COMPUTED_VALUE"""),"BeanTS 30% Smaller") -> BeanTS 30% Smaller | D24: =round(arank!$D23*100,0)&"%" -> 0% | G24: =IFERROR(__xludf.DUMMYFUNCTION("sparkline( F24 - choose(match(F24, {0, H24:M24}), 0, H24, I24, J24, K24, L24, M24), { ""charttype"", ""bar""; ""max"", choose(match(F24, {0, H24:M24}), H24, I24-H24, J24-I24, K24-J24, L24-K24, M24-L24, 0); ""nan"", ""ignore""; ""color1"&""", iferror(choose(match(F24, {0, H24:M24}), ""#F1ECEB"", ""#EED3CE"", ""#EEC8C7"", ""#B3E0F4"", ""#77B7D0"", ""#468DA3"", ""#468DA3"" )) } )"),"") | H24: =IFERROR(__xludf.DUMMYFUNCTION("""COMPUTED_VALUE"""),119.0) -> 119 | I24: =IFERROR(__xludf.DUMMYFUNCTION("""COMPUTED_VALUE"""),127.0) -> 127 | J24: =IFERROR(__xludf.DUMMYFUNCTION("""COMPUTED_VALUE"""),134.0) -> 134 | K24: =IFERROR(__xludf.DUMMYFUNCTION("""COMPUTED_VALUE"""),139.0) -> 139 | L24: =IFERROR(__xludf.DUMMYFUNCTION("""COMPUTED_VALUE"""),143.0) -> 143 | M24: =IFERROR(__xludf.DUMMYFUNCTION("""COMPUTED_VALUE"""),147.0) -> 147 | O24: =IFERROR(__xludf.DUMMYFUNCTION("""COMPUTED_VALUE"""),150.0) -> 150
C25: =IFERROR(__xludf.DUMMYFUNCTION("""COMPUTED_VALUE"""),"FloatTS Angelic") -> FloatTS Angelic | D25: =round(arank!$D24*100,0)&"%" -> 0% | G25: =IFERROR(__xludf.DUMMYFUNCTION("sparkline( F25 - choose(match(F25, {0, H25:M25}), 0, H25, I25, J25, K25, L25, M25), { ""charttype"", ""bar""; ""max"", choose(match(F25, {0, H25:M25}), H25, I25-H25, J25-I25, K25-J25, L25-K25, M25-L25, 0); ""nan"", ""ignore""; ""color1"&""", iferror(choose(match(F25, {0, H25:M25}), ""#F1ECEB"", ""#EED3CE"", ""#EEC8C7"", ""#B3E0F4"", ""#77B7D0"", ""#468DA3"", ""#468DA3"" )) } )"),"") | H25: =IFERROR(__xludf.DUMMYFUNCTION("""COMPUTED_VALUE"""),94.0) -> 94 | I25: =IFERROR(__xludf.DUMMYFUNCTION("""COMPUTED_VALUE"""),100.0) -> 100 | J25: =IFERROR(__xludf.DUMMYFUNCTION("""COMPUTED_VALUE"""),105.0) -> 105 | K25: =IFERROR(__xludf.DUMMYFUNCTION("""COMPUTED_VALUE"""),110.0) -> 110 | L25: =IFERROR(__xludf.DUMMYFUNCTION("""COMPUTED_VALUE"""),114.0) -> 114 | M25: =IFERROR(__xludf.DUMMYFUNCTION("""COMPUTED_VALUE"""),118.0) -> 118 | O25: =IFERROR(__xludf.DUMMYFUNCTION("""COMPUTED_VALUE"""),122.0) -> 122
B26: Micro | C26: =IFERROR(__xludf.DUMMYFUNCTION("""COMPUTED_VALUE"""),"WaldoTS") -> WaldoTS | D26: =round(arank!$D25*100,0)&"%" -> 0% | G26: =IFERROR(__xludf.DUMMYFUNCTION("sparkline( F26 - choose(match(F26, {0, H26:M26}), 0, H26, I26, J26, K26, L26, M26), { ""charttype"", ""bar""; ""max"", choose(match(F26, {0, H26:M26}), H26, I26-H26, J26-I26, K26-J26, L26-K26, M26-L26, 0); ""nan"", ""ignore""; ""color1"&""", iferror(choose(match(F26, {0, H26:M26}), ""#F1ECEB"", ""#EED3CE"", ""#EEC8C7"", ""#B3E0F4"", ""#77B7D0"", ""#468DA3"", ""#468DA3"" )) } )"),"") | H26: =IFERROR(__xludf.DUMMYFUNCTION("""COMPUTED_VALUE"""),145.0) -> 145 | I26: =IFERROR(__xludf.DUMMYFUNCTION("""COMPUTED_VALUE"""),153.0) -> 153 | J26: =IFERROR(__xludf.DUMMYFUNCTION("""COMPUTED_VALUE"""),160.0) -> 160 | K26: =IFERROR(__xludf.DUMMYFUNCTION("""COMPUTED_VALUE"""),166.0) -> 166 | L26: =IFERROR(__xludf.DUMMYFUNCTION("""COMPUTED_VALUE"""),173.0) -> 173 | M26: =IFERROR(__xludf.DUMMYFUNCTION("""COMPUTED_VALUE"""),178.0) -> 178 | O26: =IFERROR(__xludf.DUMMYFUNCTION("""COMPUTED_VALUE"""),176.0) -> 176
C27: =IFERROR(__xludf.DUMMYFUNCTION("""COMPUTED_VALUE"""),"devTS Goated NR Static Small 5Bot") -> devTS Goated NR Static Small 5Bot | D27: =round(arank!$D26*100,0)&"%" -> 0% | G27: =IFERROR(__xludf.DUMMYFUNCTION("sparkline( F27 - choose(match(F27, {0, H27:M27}), 0, H27, I27, J27, K27, L27, M27), { ""charttype"", ""bar""; ""max"", choose(match(F27, {0, H27:M27}), H27, I27-H27, J27-I27, K27-J27, L27-K27, M27-L27, 0); ""nan"", ""ignore""; ""color1"&""", iferror(choose(match(F27, {0, H27:M27}), ""#F1ECEB"", ""#EED3CE"", ""#EEC8C7"", ""#B3E0F4"", ""#77B7D0"", ""#468DA3"", ""#468DA3"" )) } )"),"") | H27: =IFERROR(__xludf.DUMMYFUNCTION("""COMPUTED_VALUE"""),750.0) -> 750 | I27: =IFERROR(__xludf.DUMMYFUNCTION("""COMPUTED_VALUE"""),775.0) -> 775 | J27: =IFERROR(__xludf.DUMMYFUNCTION("""COMPUTED_VALUE"""),800.0) -> 800 | K27: =IFERROR(__xludf.DUMMYFUNCTION("""COMPUTED_VALUE"""),825.0) -> 825 | L27: =IFERROR(__xludf.DUMMYFUNCTION("""COMPUTED_VALUE"""),850.0) -> 850 | M27: =IFERROR(__xludf.DUMMYFUNCTION("""COMPUTED_VALUE"""),870.0) -> 870 | O27: =IFERROR(__xludf.DUMMYFUNCTION("""COMPUTED_VALUE"""),873.0) -> 873
B28: Post-flick | C28: =IFERROR(__xludf.DUMMYFUNCTION("""COMPUTED_VALUE"""),"domiSwitch") -> domiSwitch | D28: =round(arank!$D27*100,0)&"%" -> 0% | G28: =IFERROR(__xludf.DUMMYFUNCTION("sparkline( F28 - choose(match(F28, {0, H28:M28}), 0, H28, I28, J28, K28, L28, M28), { ""charttype"", ""bar""; ""max"", choose(match(F28, {0, H28:M28}), H28, I28-H28, J28-I28, K28-J28, L28-K28, M28-L28, 0); ""nan"", ""ignore""; ""color1"&""", iferror(choose(match(F28, {0, H28:M28}), ""#F1ECEB"", ""#EED3CE"", ""#EEC8C7"", ""#B3E0F4"", ""#77B7D0"", ""#468DA3"", ""#468DA3"" )) } )"),"") | H28: =IFERROR(__xludf.DUMMYFUNCTION("""COMPUTED_VALUE"""),5550.0) -> 5550 | I28: =IFERROR(__xludf.DUMMYFUNCTION("""COMPUTED_VALUE"""),5950.0) -> 5950 | J28: =IFERROR(__xludf.DUMMYFUNCTION("""COMPUTED_VALUE"""),6250.0) -> 6250 | K28: =IFERROR(__xludf.DUMMYFUNCTION("""COMPUTED_VALUE"""),6550.0) -> 6550 | L28: =IFERROR(__xludf.DUMMYFUNCTION("""COMPUTED_VALUE"""),6850.0) -> 6850 | M28: =IFERROR(__xludf.DUMMYFUNCTION("""COMPUTED_VALUE"""),7200.0) -> 7200 | O28: =IFERROR(__xludf.DUMMYFUNCTION("""COMPUTED_VALUE"""),7433.0) -> 7433
C29: =IFERROR(__xludf.DUMMYFUNCTION("""COMPUTED_VALUE"""),"tamTargetSwitch Smooth") -> tamTargetSwitch Smooth | D29: =round(arank!$D28*100,0)&"%" -> 0% | G29: =IFERROR(__xludf.DUMMYFUNCTION("sparkline( F29 - choose(match(F29, {0, H29:M29}), 0, H29, I29, J29, K29, L29, M29), { ""charttype"", ""bar""; ""max"", choose(match(F29, {0, H29:M29}), H29, I29-H29, J29-I29, K29-J29, L29-K29, M29-L29, 0); ""nan"", ""ignore""; ""color1"&""", iferror(choose(match(F29, {0, H29:M29}), ""#F1ECEB"", ""#EED3CE"", ""#EEC8C7"", ""#B3E0F4"", ""#77B7D0"", ""#468DA3"", ""#468DA3"" )) } )"),"") | H29: =IFERROR(__xludf.DUMMYFUNCTION("""COMPUTED_VALUE"""),32.0) -> 32 | I29: =IFERROR(__xludf.DUMMYFUNCTION("""COMPUTED_VALUE"""),35.0) -> 35 | J29: =IFERROR(__xludf.DUMMYFUNCTION("""COMPUTED_VALUE"""),37.0) -> 37 | K29: =IFERROR(__xludf.DUMMYFUNCTION("""COMPUTED_VALUE"""),39.0) -> 39 | L29: =IFERROR(__xludf.DUMMYFUNCTION("""COMPUTED_VALUE"""),42.0) -> 42 | M29: =IFERROR(__xludf.DUMMYFUNCTION("""COMPUTED_VALUE"""),45.0) -> 45 | O29: =IFERROR(__xludf.DUMMYFUNCTION("""COMPUTED_VALUE"""),45.0) -> 45
A30: Dynamic Clicking | B30: Reading | C30: =IFERROR(__xludf.DUMMYFUNCTION("""COMPUTED_VALUE"""),"Pasu Reload Goated") -> Pasu Reload Goated | D30: =round(arank!$D29*100,0)&"%" -> 0% | G30: =IFERROR(__xludf.DUMMYFUNCTION("sparkline( F30 - choose(match(F30, {0, H30:M30}), 0, H30, I30, J30, K30, L30, M30), { ""charttype"", ""bar""; ""max"", choose(match(F30, {0, H30:M30}), H30, I30-H30, J30-I30, K30-J30, L30-K30, M30-L30, 0); ""nan"", ""ignore""; ""color1"&""", iferror(choose(match(F30, {0, H30:M30}), ""#F1ECEB"", ""#EED3CE"", ""#EEC8C7"", ""#B3E0F4"", ""#77B7D0"", ""#468DA3"", ""#468DA3"" )) } )"),"") | H30: =IFERROR(__xludf.DUMMYFUNCTION("""COMPUTED_VALUE"""),110.0) -> 110 | I30: =IFERROR(__xludf.DUMMYFUNCTION("""COMPUTED_VALUE"""),120.0) -> 120 | J30: =IFERROR(__xludf.DUMMYFUNCTION("""COMPUTED_VALUE"""),130.0) -> 130 | K30: =IFERROR(__xludf.DUMMYFUNCTION("""COMPUTED_VALUE"""),140.0) -> 140 | L30: =IFERROR(__xludf.DUMMYFUNCTION("""COMPUTED_VALUE"""),150.0) -> 150 | M30: =IFERROR(__xludf.DUMMYFUNCTION("""COMPUTED_VALUE"""),160.0) -> 160 | O30: =IFERROR(__xludf.DUMMYFUNCTION("""COMPUTED_VALUE"""),167.0) -> 167
C31: =IFERROR(__xludf.DUMMYFUNCTION("""COMPUTED_VALUE"""),"VT Bounceshot Advanced ") -> VT Bounceshot Advanced | D31: =round(arank!$D30*100,0)&"%" -> 0% | G31: =IFERROR(__xludf.DUMMYFUNCTION("sparkline( F31 - choose(match(F31, {0, H31:M31}), 0, H31, I31, J31, K31, L31, M31), { ""charttype"", ""bar""; ""max"", choose(match(F31, {0, H31:M31}), H31, I31-H31, J31-I31, K31-J31, L31-K31, M31-L31, 0); ""nan"", ""ignore""; ""color1"&""", iferror(choose(match(F31, {0, H31:M31}), ""#F1ECEB"", ""#EED3CE"", ""#EEC8C7"", ""#B3E0F4"", ""#77B7D0"", ""#468DA3"", ""#468DA3"" )) } )"),"") | H31: =IFERROR(__xludf.DUMMYFUNCTION("""COMPUTED_VALUE"""),730.0) -> 730 | I31: =IFERROR(__xludf.DUMMYFUNCTION("""COMPUTED_VALUE"""),790.0) -> 790 | J31: =IFERROR(__xludf.DUMMYFUNCTION("""COMPUTED_VALUE"""),850.0) -> 850 | K31: =IFERROR(__xludf.DUMMYFUNCTION("""COMPUTED_VALUE"""),910.0) -> 910 | L31: =IFERROR(__xludf.DUMMYFUNCTION("""COMPUTED_VALUE"""),950.0) -> 950 | M31: =IFERROR(__xludf.DUMMYFUNCTION("""COMPUTED_VALUE"""),1000.0) -> 1000 | O31: =IFERROR(__xludf.DUMMYFUNCTION("""COMPUTED_VALUE"""),1010.0) -> 1010
C32: =IFERROR(__xludf.DUMMYFUNCTION("""COMPUTED_VALUE"""),"Controlsphere Click Smaller") -> Controlsphere Click Smaller | D32: =round(arank!$D31*100,0)&"%" -> 0% | G32: =IFERROR(__xludf.DUMMYFUNCTION("sparkline( F32 - choose(match(F32, {0, H32:M32}), 0, H32, I32, J32, K32, L32, M32), { ""charttype"", ""bar""; ""max"", choose(match(F32, {0, H32:M32}), H32, I32-H32, J32-I32, K32-J32, L32-K32, M32-L32, 0); ""nan"", ""ignore""; ""color1"&""", iferror(choose(match(F32, {0, H32:M32}), ""#F1ECEB"", ""#EED3CE"", ""#EEC8C7"", ""#B3E0F4"", ""#77B7D0"", ""#468DA3"", ""#468DA3"" )) } )"),"") | H32: =IFERROR(__xludf.DUMMYFUNCTION("""COMPUTED_VALUE"""),39.0) -> 39 | I32: =IFERROR(__xludf.DUMMYFUNCTION("""COMPUTED_VALUE"""),45.0) -> 45 | J32: =IFERROR(__xludf.DUMMYFUNCTION("""COMPUTED_VALUE"""),51.0) -> 51 | K32: =IFERROR(__xludf.DUMMYFUNCTION("""COMPUTED_VALUE"""),56.0) -> 56 | L32: =IFERROR(__xludf.DUMMYFUNCTION("""COMPUTED_VALUE"""),60.0) -> 60 | M32: =IFERROR(__xludf.DUMMYFUNCTION("""COMPUTED_VALUE"""),64.0) -> 64 | O32: =IFERROR(__xludf.DUMMYFUNCTION("""COMPUTED_VALUE"""),64.0) -> 64
B33: Precision | C33: =IFERROR(__xludf.DUMMYFUNCTION("""COMPUTED_VALUE"""),"Popcorn MV Advanced") -> Popcorn MV Advanced | D33: =round(arank!$D32*100,0)&"%" -> 0% | G33: =IFERROR(__xludf.DUMMYFUNCTION("sparkline( F33 - choose(match(F33, {0, H33:M33}), 0, H33, I33, J33, K33, L33, M33), { ""charttype"", ""bar""; ""max"", choose(match(F33, {0, H33:M33}), H33, I33-H33, J33-I33, K33-J33, L33-K33, M33-L33, 0); ""nan"", ""ignore""; ""color1"&""", iferror(choose(match(F33, {0, H33:M33}), ""#F1ECEB"", ""#EED3CE"", ""#EEC8C7"", ""#B3E0F4"", ""#77B7D0"", ""#468DA3"", ""#468DA3"" )) } )"),"") | H33: =IFERROR(__xludf.DUMMYFUNCTION("""COMPUTED_VALUE"""),290.0) -> 290 | I33: =IFERROR(__xludf.DUMMYFUNCTION("""COMPUTED_VALUE"""),330.0) -> 330 | J33: =IFERROR(__xludf.DUMMYFUNCTION("""COMPUTED_VALUE"""),370.0) -> 370 | K33: =IFERROR(__xludf.DUMMYFUNCTION("""COMPUTED_VALUE"""),420.0) -> 420 | L33: =IFERROR(__xludf.DUMMYFUNCTION("""COMPUTED_VALUE"""),460.0) -> 460 | M33: =IFERROR(__xludf.DUMMYFUNCTION("""COMPUTED_VALUE"""),500.0) -> 500 | O33: =IFERROR(__xludf.DUMMYFUNCTION("""COMPUTED_VALUE"""),520.0) -> 520
C34: =IFERROR(__xludf.DUMMYFUNCTION("""COMPUTED_VALUE"""),"Pasu Angelic") -> Pasu Angelic | D34: =round(arank!$D33*100,0)&"%" -> 0% | G34: =IFERROR(__xludf.DUMMYFUNCTION("sparkline( F34 - choose(match(F34, {0, H34:M34}), 0, H34, I34, J34, K34, L34, M34), { ""charttype"", ""bar""; ""max"", choose(match(F34, {0, H34:M34}), H34, I34-H34, J34-I34, K34-J34, L34-K34, M34-L34, 0); ""nan"", ""ignore""; ""color1"&""", iferror(choose(match(F34, {0, H34:M34}), ""#F1ECEB"", ""#EED3CE"", ""#EEC8C7"", ""#B3E0F4"", ""#77B7D0"", ""#468DA3"", ""#468DA3"" )) } )"),"") | H34: =IFERROR(__xludf.DUMMYFUNCTION("""COMPUTED_VALUE"""),87.0) -> 87 | I34: =IFERROR(__xludf.DUMMYFUNCTION("""COMPUTED_VALUE"""),94.0) -> 94 | J34: =IFERROR(__xludf.DUMMYFUNCTION("""COMPUTED_VALUE"""),102.0) -> 102 | K34: =IFERROR(__xludf.DUMMYFUNCTION("""COMPUTED_VALUE"""),110.0) -> 110 | L34: =IFERROR(__xludf.DUMMYFUNCTION("""COMPUTED_VALUE"""),118.0) -> 118 | M34: =IFERROR(__xludf.DUMMYFUNCTION("""COMPUTED_VALUE"""),125.0) -> 125 | O34: =IFERROR(__xludf.DUMMYFUNCTION("""COMPUTED_VALUE"""),126.0) -> 126
C35: =IFERROR(__xludf.DUMMYFUNCTION("""COMPUTED_VALUE"""),"1w2ts Pasu Perfected 30% Smaller") -> 1w2ts Pasu Perfected 30% Smaller | D35: =round(arank!$D34*100,0)&"%" -> 0% | G35: =IFERROR(__xludf.DUMMYFUNCTION("sparkline( F35 - choose(match(F35, {0, H35:M35}), 0, H35, I35, J35, K35, L35, M35), { ""charttype"", ""bar""; ""max"", choose(match(F35, {0, H35:M35}), H35, I35-H35, J35-I35, K35-J35, L35-K35, M35-L35, 0); ""nan"", ""ignore""; ""color1"&""", iferror(choose(match(F35, {0, H35:M35}), ""#F1ECEB"", ""#EED3CE"", ""#EEC8C7"", ""#B3E0F4"", ""#77B7D0"", ""#468DA3"", ""#468DA3"" )) } )"),"") | H35: =IFERROR(__xludf.DUMMYFUNCTION("""COMPUTED_VALUE"""),75.0) -> 75 | I35: =IFERROR(__xludf.DUMMYFUNCTION("""COMPUTED_VALUE"""),82.0) -> 82 | J35: =IFERROR(__xludf.DUMMYFUNCTION("""COMPUTED_VALUE"""),87.0) -> 87 | K35: =IFERROR(__xludf.DUMMYFUNCTION("""COMPUTED_VALUE"""),93.0) -> 93 | L35: =IFERROR(__xludf.DUMMYFUNCTION("""COMPUTED_VALUE"""),98.0) -> 98 | M35: =IFERROR(__xludf.DUMMYFUNCTION("""COMPUTED_VALUE"""),103.0) -> 103 | O35: =IFERROR(__xludf.DUMMYFUNCTION("""COMPUTED_VALUE"""),104.0) -> 104
B36: Linear | C36: =IFERROR(__xludf.DUMMYFUNCTION("""COMPUTED_VALUE"""),"1w3ts Pasu Perfected Micro Goated") -> 1w3ts Pasu Perfected Micro Goated | D36: =round(arank!$D35*100,0)&"%" -> 0% | G36: =IFERROR(__xludf.DUMMYFUNCTION("sparkline( F36 - choose(match(F36, {0, H36:M36}), 0, H36, I36, J36, K36, L36, M36), { ""charttype"", ""bar""; ""max"", choose(match(F36, {0, H36:M36}), H36, I36-H36, J36-I36, K36-J36, L36-K36, M36-L36, 0); ""nan"", ""ignore""; ""color1"&""", iferror(choose(match(F36, {0, H36:M36}), ""#F1ECEB"", ""#EED3CE"", ""#EEC8C7"", ""#B3E0F4"", ""#77B7D0"", ""#468DA3"", ""#468DA3"" )) } )"),"") | H36: =IFERROR(__xludf.DUMMYFUNCTION("""COMPUTED_VALUE"""),1100.0) -> 1100 | I36: =IFERROR(__xludf.DUMMYFUNCTION("""COMPUTED_VALUE"""),1200.0) -> 1200 | J36: =IFERROR(__xludf.DUMMYFUNCTION("""COMPUTED_VALUE"""),1300.0) -> 1300 | K36: =IFERROR(__xludf.DUMMYFUNCTION("""COMPUTED_VALUE"""),1400.0) -> 1400 | L36: =IFERROR(__xludf.DUMMYFUNCTION("""COMPUTED_VALUE"""),1500.0) -> 1500 | M36: =IFERROR(__xludf.DUMMYFUNCTION("""COMPUTED_VALUE"""),1560.0) -> 1560 | O36: =IFERROR(__xludf.DUMMYFUNCTION("""COMPUTED_VALUE"""),1522.0) -> 1522
C37: =IFERROR(__xludf.DUMMYFUNCTION("""COMPUTED_VALUE"""),"Floating Heads Timing 400% Fixed") -> Floating Heads Timing 400% Fixed | D37: =round(arank!$D36*100,0)&"%" -> 0% | G37: =IFERROR(__xludf.DUMMYFUNCTION("sparkline( F37 - choose(match(F37, {0, H37:M37}), 0, H37, I37, J37, K37, L37, M37), { ""charttype"", ""bar""; ""max"", choose(match(F37, {0, H37:M37}), H37, I37-H37, J37-I37, K37-J37, L37-K37, M37-L37, 0); ""nan"", ""ignore""; ""color1"&""", iferror(choose(match(F37, {0, H37:M37}), ""#F1ECEB"", ""#EED3CE"", ""#EEC8C7"", ""#B3E0F4"", ""#77B7D0"", ""#468DA3"", ""#468DA3"" )) } )"),"") | H37: =IFERROR(__xludf.DUMMYFUNCTION("""COMPUTED_VALUE"""),3200.0) -> 3200 | I37: =IFERROR(__xludf.DUMMYFUNCTION("""COMPUTED_VALUE"""),3484.0) -> 3484 | J37: =IFERROR(__xludf.DUMMYFUNCTION("""COMPUTED_VALUE"""),3648.0) -> 3648 | K37: =IFERROR(__xludf.DUMMYFUNCTION("""COMPUTED_VALUE"""),3848.0) -> 3848 | L37: =IFERROR(__xludf.DUMMYFUNCTION("""COMPUTED_VALUE"""),4048.0) -> 4048 | M37: =IFERROR(__xludf.DUMMYFUNCTION("""COMPUTED_VALUE"""),4248.0) -> 4248 | O37: =IFERROR(__xludf.DUMMYFUNCTION("""COMPUTED_VALUE"""),4212.0) -> 4212
C38: =IFERROR(__xludf.DUMMYFUNCTION("""COMPUTED_VALUE"""),"VoxTargetSwitch Click Small") -> VoxTargetSwitch Click Small | D38: =round(arank!$D37*100,0)&"%" -> 0% | G38: =IFERROR(__xludf.DUMMYFUNCTION("sparkline( F38 - choose(match(F38, {0, H38:M38}), 0, H38, I38, J38, K38, L38, M38), { ""charttype"", ""bar""; ""max"", choose(match(F38, {0, H38:M38}), H38, I38-H38, J38-I38, K38-J38, L38-K38, M38-L38, 0); ""nan"", ""ignore""; ""color1"&""", iferror(choose(match(F38, {0, H38:M38}), ""#F1ECEB"", ""#EED3CE"", ""#EEC8C7"", ""#B3E0F4"", ""#77B7D0"", ""#468DA3"", ""#468DA3"" )) } )"),"") | H38: =IFERROR(__xludf.DUMMYFUNCTION("""COMPUTED_VALUE"""),90.0) -> 90 | I38: =IFERROR(__xludf.DUMMYFUNCTION("""COMPUTED_VALUE"""),96.0) -> 96 | J38: =IFERROR(__xludf.DUMMYFUNCTION("""COMPUTED_VALUE"""),101.0) -> 101 | K38: =IFERROR(__xludf.DUMMYFUNCTION("""COMPUTED_VALUE"""),106.0) -> 106 | L38: =IFERROR(__xludf.DUMMYFUNCTION("""COMPUTED_VALUE"""),111.0) -> 111 | M38: =IFERROR(__xludf.DUMMYFUNCTION("""COMPUTED_VALUE"""),115.0) -> 115 | O38: =IFERROR(__xludf.DUMMYFUNCTION("""COMPUTED_VALUE"""),115.0) -> 115

Sheet brank
A1: =iferror(concatenate(choose(C1, 'Easier Scenarios'!H2, 'Easier Scenarios'!I2, 'Easier Scenarios'!J2, 'Easier Scenarios'!K2, 'Easier Scenarios'!L2, 'Easier Scenarios'!M2, 'Easier Scenarios'!N2,'Easier Scenarios'!O2),B1),"Unranked") -> Unranked | B1: =if(min(B2:B37)=min(C2:C37)," Complete","") -> Complete | C1: =MIN(C2:C37) -> 0 | D1: VISCOSIMETER
A2: ='Easier Scenarios'!C3 -> WhisphereRawControl Larger + Slowed | B2: =iferror(match('Easier Scenarios'!F3, 'Easier Scenarios'!H3:O3),0) -> 0 | C2: =max(B2:B4) -> 0 | D2: =iferror(if('Easier Scenarios'!F3>='Easier Scenarios'!H3,('Easier Scenarios'!F3-'Easier Scenarios'!H3)/('Easier Scenarios'!O3-'Easier Scenarios'!H3),0),0) -> 0
A3: ='Easier Scenarios'!C4 -> Whisphere 80% | B3: =iferror(match('Easier Scenarios'!F4, 'Easier Scenarios'!H4:O4),0) -> 0 | D3: =iferror(if('Easier Scenarios'!F4>='Easier Scenarios'!H4,('Easier Scenarios'!F4-'Easier Scenarios'!H4)/('Easier Scenarios'!O4-'Easier Scenarios'!H4),0),0) -> 0
A4: ='Easier Scenarios'!C5 -> Smoothbot Invincible Goated 75% | B4: =iferror(match('Easier Scenarios'!F5, 'Easier Scenarios'!H5:O5),0) -> 0 | D4: =iferror(if('Easier Scenarios'!F5>='Easier Scenarios'!H5,('Easier Scenarios'!F5-'Easier Scenarios'!H5)/('Easier Scenarios'!O5-'Easier Scenarios'!H5),0),0) -> 0
A5: ='Easier Scenarios'!C6 -> Leaptrack Goated 60% Larger | B5: =iferror(match('Easier Scenarios'!F6, 'Easier Scenarios'!H6:O6),0) -> 0 | C5: =max(B5:B7) -> 0 | D5: =iferror(if('Easier Scenarios'!F6>='Easier Scenarios'!H6,('Easier Scenarios'!F6-'Easier Scenarios'!H6)/('Easier Scenarios'!O6-'Easier Scenarios'!H6),0),0) -> 0
A6: ='Easier Scenarios'!C7 -> Controlsphere rAim Easy 90% | B6: =iferror(match('Easier Scenarios'!F7, 'Easier Scenarios'!H7:O7),0) -> 0 | D6: =iferror(if('Easier Scenarios'!F7>='Easier Scenarios'!H7,('Easier Scenarios'!F7-'Easier Scenarios'!H7)/('Easier Scenarios'!O7-'Easier Scenarios'!H7),0),0) -> 0
A7: ='Easier Scenarios'!C8 -> VT Controlsphere Intermediate S5 80% | B7: =iferror(match('Easier Scenarios'!F8, 'Easier Scenarios'!H8:O8),0) -> 0 | D7: =iferror(if('Easier Scenarios'!F8>='Easier Scenarios'!H8,('Easier Scenarios'!F8-'Easier Scenarios'!H8)/('Easier Scenarios'!O8-'Easier Scenarios'!H8),0),0) -> 0
A8: ='Easier Scenarios'!C9 -> Air Angelic 4 Voltaic Easy 80% (Good Version) | B8: =iferror(match('Easier Scenarios'!F9, 'Easier Scenarios'!H9:O9),0) -> 0 | C8: =max(B8:B10) -> 0 | D8: =iferror(if('Easier Scenarios'!F9>='Easier Scenarios'!H9,('Easier Scenarios'!F9-'Easier Scenarios'!H9)/('Easier Scenarios'!O9-'Easier Scenarios'!H9),0),0) -> 0
A9: ='Easier Scenarios'!C10 -> Cloverrawcontrol Easy 80% Speed | B9: =iferror(match('Easier Scenarios'!F10, 'Easier Scenarios'!H10:O10),0) -> 0 | D9: =iferror(if('Easier Scenarios'!F10>='Easier Scenarios'!H10,('Easier Scenarios'!F10-'Easier Scenarios'!H10)/('Easier Scenarios'!O10-'Easier Scenarios'!H10),0),0) -> 0
A10: ='Easier Scenarios'!C11 -> Controlsphere Far, Far Larger 90% | B10: =iferror(match('Easier Scenarios'!F11, 'Easier Scenarios'!H11:O11),0) -> 0 | D10: =iferror(if('Easier Scenarios'!F11>='Easier Scenarios'!H11,('Easier Scenarios'!F11-'Easier Scenarios'!H11)/('Easier Scenarios'!O11-'Easier Scenarios'!H11),0),0) -> 0
A11: ='Easier Scenarios'!C12 -> PGTI Voltaic Easy 80% | B11: =iferror(match('Easier Scenarios'!F12, 'Easier Scenarios'!H12:O12),0) -> 0 | C11: =max(B11:B13) -> 0 | D11: =iferror(if('Easier Scenarios'!F12>='Easier Scenarios'!H12,('Easier Scenarios'!F12-'Easier Scenarios'!H12)/('Easier Scenarios'!O12-'Easier Scenarios'!H12),0),0) -> 0
A12: ='Easier Scenarios'!C13 -> Air CELESTIAL No UFO Easy Slowed | B12: =iferror(match('Easier Scenarios'!F13, 'Easier Scenarios'!H13:O13),0) -> 0 | D12: =iferror(if('Easier Scenarios'!F13>='Easier Scenarios'!H13,('Easier Scenarios'!F13-'Easier Scenarios'!H13)/('Easier Scenarios'!O13-'Easier Scenarios'!H13),0),0) -> 0
A13: ='Easier Scenarios'!C14 -> Whisphere Small & Slow 55% | B13: =iferror(match('Easier Scenarios'!F14, 'Easier Scenarios'!H14:O14),0) -> 0 | D13: =iferror(if('Easier Scenarios'!F14>='Easier Scenarios'!H14,('Easier Scenarios'!F14-'Easier Scenarios'!H14)/('Easier Scenarios'!O14-'Easier Scenarios'!H14),0),0) -> 0
A14: ='Easier Scenarios'!C15 -> Air Voltaic Invincible 7 Easy 80% | B14: =iferror(match('Easier Scenarios'!F15, 'Easier Scenarios'!H15:O15),0) -> 0 | C14: =max(B14:B15) -> 0 | D14: =iferror(if('Easier Scenarios'!F15>='Easier Scenarios'!H15,('Easier Scenarios'!F15-'Easier Scenarios'!H15)/('Easier Scenarios'!O15-'Easier Scenarios'!H15),0),0) -> 0
A15: ='Easier Scenarios'!C16 -> Controlsphere OW Long Strafes 90% | B15: =iferror(match('Easier Scenarios'!F16, 'Easier Scenarios'!H16:O16),0) -> 0 | D15: =iferror(if('Easier Scenarios'!F16>='Easier Scenarios'!H16,('Easier Scenarios'!F16-'Easier Scenarios'!H16)/('Easier Scenarios'!O16-'Easier Scenarios'!H16),0),0) -> 0
A16: ='Easier Scenarios'!C17 -> Flicker Plaza rAim Easy Less Blinks | B16: =iferror(match('Easier Scenarios'!F17, 'Easier Scenarios'!H17:O17),0) -> 0 | C16: =max(B16:B17) -> 0 | D16: =iferror(if('Easier Scenarios'!F17>='Easier Scenarios'!H17,('Easier Scenarios'!F17-'Easier Scenarios'!H17)/('Easier Scenarios'!O17-'Easier Scenarios'!H17),0),0) -> 0
A17: ='Easier Scenarios'!C18 -> Polarized Hell Easy 40% Slower | B17: =iferror(match('Easier Scenarios'!F18, 'Easier Scenarios'!H18:O18),0) -> 0 | D17: =iferror(if('Easier Scenarios'!F18>='Easier Scenarios'!H18,('Easier Scenarios'!F18-'Easier Scenarios'!H18)/('Easier Scenarios'!O18-'Easier Scenarios'!H18),0),0) -> 0
A18: ='Easier Scenarios'!C19 -> Air Pure Intermediate Slower No UFO | B18: =iferror(match('Easier Scenarios'!F19, 'Easier Scenarios'!H19:O19),0) -> 0 | C18: =max(B18:B19) -> 0 | D18: =iferror(if('Easier Scenarios'!F19>='Easier Scenarios'!H19,('Easier Scenarios'!F19-'Easier Scenarios'!H19)/('Easier Scenarios'!O19-'Easier Scenarios'!H19),0),0) -> 0
A19: ='Easier Scenarios'!C20 -> Air Voltaic Easy Invincible 4 80% | B19: =iferror(match('Easier Scenarios'!F20, 'Easier Scenarios'!H20:O20),0) -> 0 | D19: =iferror(if('Easier Scenarios'!F20>='Easier Scenarios'!H20,('Easier Scenarios'!F20-'Easier Scenarios'!H20)/('Easier Scenarios'!O20-'Easier Scenarios'!H20),0),0) -> 0
A20: ='Easier Scenarios'!C21 -> Pokeball Frenzy Auto TE Wide | B20: =iferror(match('Easier Scenarios'!F21, 'Easier Scenarios'!H21:O21),0) -> 0 | C20: =max(B20:B22) -> 0 | D20: =iferror(if('Easier Scenarios'!F21>='Easier Scenarios'!H21,('Easier Scenarios'!F21-'Easier Scenarios'!H21)/('Easier Scenarios'!O21-'Easier Scenarios'!H21),0),0) -> 0
A21: ='Easier Scenarios'!C22 -> 1w3ts Reload Larger | B21: =iferror(match('Easier Scenarios'!F22, 'Easier Scenarios'!H22:O22),0) -> 0 | D21: =iferror(if('Easier Scenarios'!F22>='Easier Scenarios'!H22,('Easier Scenarios'!F22-'Easier Scenarios'!H22)/('Easier Scenarios'!O22-'Easier Scenarios'!H22),0),0) -> 0
A22: ='Easier Scenarios'!C23 -> voxTargetSwitch 2 Large | B22: =iferror(match('Easier Scenarios'!F23, 'Easier Scenarios'!H23:O23),0) -> 0 | D22: =iferror(if('Easier Scenarios'!F23>='Easier Scenarios'!H23,('Easier Scenarios'!F23-'Easier Scenarios'!H23)/('Easier Scenarios'!O23-'Easier Scenarios'!H23),0),0) -> 0
A23: ='Easier Scenarios'!C24 -> BeanTS Larger | B23: =iferror(match('Easier Scenarios'!F24, 'Easier Scenarios'!H24:O24),0) -> 0 | C23: =max(B23:B24) -> 0 | D23: =iferror(if('Easier Scenarios'!F24>='Easier Scenarios'!H24,('Easier Scenarios'!F24-'Easier Scenarios'!H24)/('Easier Scenarios'!O24-'Easier Scenarios'!H24),0),0) -> 0
A24: ='Easier Scenarios'!C25 -> FloatTS Angelic Easy Larger | B24: =iferror(match('Easier Scenarios'!F25, 'Easier Scenarios'!H25:O25),0) -> 0 | D24: =iferror(if('Easier Scenarios'!F25>='Easier Scenarios'!H25,('Easier Scenarios'!F25-'Easier Scenarios'!H25)/('Easier Scenarios'!O25-'Easier Scenarios'!H25),0),0) -> 0
A25: ='Easier Scenarios'!C26 -> WaldoTS Novice | B25: =iferror(match('Easier Scenarios'!F26, 'Easier Scenarios'!H26:O26),0) -> 0 | C25: =max(B25:B26) -> 0 | D25: =iferror(if('Easier Scenarios'!F26>='Easier Scenarios'!H26,('Easier Scenarios'!F26-'Easier Scenarios'!H26)/('Easier Scenarios'!O26-'Easier Scenarios'!H26),0),0) -> 0
A26: ='Easier Scenarios'!C27 -> devTS Goated NR Static 5Bot | B26: =iferror(match('Easier Scenarios'!F27, 'Easier Scenarios'!H27:O27),0) -> 0 | D26: =iferror(if('Easier Scenarios'!F27>='Easier Scenarios'!H27,('Easier Scenarios'!F27-'Easier Scenarios'!H27)/('Easier Scenarios'!O27-'Easier Scenarios'!H27),0),0) -> 0
A27: ='Easier Scenarios'!C28 -> domiSwitch Easy Slower | B27: =iferror(match('Easier Scenarios'!F28, 'Easier Scenarios'!H28:O28),0) -> 0 | C27: =max(B27:B28) -> 0 | D27: =iferror(if('Easier Scenarios'!F28>='Easier Scenarios'!H28,('Easier Scenarios'!F28-'Easier Scenarios'!H28)/('Easier Scenarios'!O28-'Easier Scenarios'!H28),0),0) -> 0
A28: ='Easier Scenarios'!C29 -> tamTargetSwitch Smooth Easy | B28: =iferror(match('Easier Scenarios'!F29, 'Easier Scenarios'!H29:O29),0) -> 0 | D28: =iferror(if('Easier Scenarios'!F29>='Easier Scenarios'!H29,('Easier Scenarios'!F29-'Easier Scenarios'!H29)/('Easier Scenarios'!O29-'Easier Scenarios'!H29),0),0) -> 0
A29: ='Easier Scenarios'!C30 -> 1wall5targets_pasu slow | B29: =iferror(match('Easier Scenarios'!F30, 'Easier Scenarios'!H30:O30),0) -> 0 | C29: =max(B29:B31) -> 0 | D29: =iferror(if('Easier Scenarios'!F30>='Easier Scenarios'!H30,('Easier Scenarios'!F30-'Easier Scenarios'!H30)/('Easier Scenarios'!O30-'Easier Scenarios'!H30),0),0) -> 0
A30: ='Easier Scenarios'!C31 -> B180 Voltaic Easy 92% | B30: =iferror(match('Easier Scenarios'!F31, 'Easier Scenarios'!H31:O31),0) -> 0 | D30: =iferror(if('Easier Scenarios'!F31>='Easier Scenarios'!H31,('Easier Scenarios'!F31-'Easier Scenarios'!H31)/('Easier Scenarios'!O31-'Easier Scenarios'!H31),0),0) -> 0
A31: ='Easier Scenarios'!C32 -> Controlsphere Click Easy | B31: =iferror(match('Easier Scenarios'!F32, 'Easier Scenarios'!H32:O32),0) -> 0 | D31: =iferror(if('Easier Scenarios'!F32>='Easier Scenarios'!H32,('Easier Scenarios'!F32-'Easier Scenarios'!H32)/('Easier Scenarios'!O32-'Easier Scenarios'!H32),0),0) -> 0
A32: ='Easier Scenarios'!C33 -> Popcorn MV Novice | B32: =iferror(match('Easier Scenarios'!F33, 'Easier Scenarios'!H33:O33),0) -> 0 | C32: =max(B32:B34) -> 0 | D32: =iferror(if('Easier Scenarios'!F33>='Easier Scenarios'!H33,('Easier Scenarios'!F33-'Easier Scenarios'!H33)/('Easier Scenarios'!O33-'Easier Scenarios'!H33),0),0) -> 0
A33: ='Easier Scenarios'!C34 -> Pasu Angelic 20% Larger 80% Speed | B33: =iferror(match('Easier Scenarios'!F34, 'Easier Scenarios'!H34:O34),0) -> 0 | D33: =iferror(if('Easier Scenarios'!F34>='Easier Scenarios'!H34,('Easier Scenarios'!F34-'Easier Scenarios'!H34)/('Easier Scenarios'!O34-'Easier Scenarios'!H34),0),0) -> 0
A34: ='Easier Scenarios'!C35 -> 1w2ts Pasu Perfected Easy | B34: =iferror(match('Easier Scenarios'!F35, 'Easier Scenarios'!H35:O35),0) -> 0 | D34: =iferror(if('Easier Scenarios'!F35>='Easier Scenarios'!H35,('Easier Scenarios'!F35-'Easier Scenarios'!H35)/('Easier Scenarios'!O35-'Easier Scenarios'!H35),0),0) -> 0
A35: ='Easier Scenarios'!C36 -> 1w3ts Pasu Perfected Micro Goated Larger 80% | B35: =iferror(match('Easier Scenarios'!F36, 'Easier Scenarios'!H36:O36),0) -> 0 | C35: =max(B35:B37) -> 0 | D35: =iferror(if('Easier Scenarios'!F36>='Easier Scenarios'!H36,('Easier Scenarios'!F36-'Easier Scenarios'!H36)/('Easier Scenarios'!O36-'Easier Scenarios'!H36),0),0) -> 0
A36: ='Easier Scenarios'!C37 -> Floating Heads Timing 400% Larger | B36: =iferror(match('Easier Scenarios'!F37, 'Easier Scenarios'!H37:O37),0) -> 0 | D36: =iferror(if('Easier Scenarios'!F37>='Easier Scenarios'!H37,('Easier Scenarios'!F37-'Easier Scenarios'!H37)/('Easier Scenarios'!O37-'Easier Scenarios'!H37),0),0) -> 0
A37: ='Easier Scenarios'!C38 -> voxTargetSwitch Click | B37: =iferror(match('Easier Scenarios'!F38, 'Easier Scenarios'!H38:O38),0) -> 0 | D37: =iferror(if('Easier Scenarios'!F38>='Easier Scenarios'!H38,('Easier Scenarios'!F38-'Easier Scenarios'!H38)/('Easier Scenarios'!O38-'Easier Scenarios'!H38),0),0) -> 0

Sheet irank
A1: =iferror(concatenate(choose(C1, 'Medium Scenarios'!H2, 'Medium Scenarios'!I2, 'Medium Scenarios'!J2, 'Medium Scenarios'!K2, 'Medium Scenarios'!L2, 'Medium Scenarios'!M2,'Medium Scenarios'!N2,'Medium Scenarios'!O2),B1),"Unranked") -> Unranked | B1: =if(min(B2:B37)=min(C2:C37)," Complete","") -> Complete | C1: =MIN(C2:C37) -> 0 | D1: VISCOSIMETER
A2: ='Medium Scenarios'!C3 -> WhisphereRawControl | B2: =iferror(match('Medium Scenarios'!F3, 'Medium Scenarios'!H3:O3),0) -> 0 | C2: =max(B2:B4) -> 0 | D2: =iferror(if('Medium Scenarios'!F3>='Medium Scenarios'!H3,('Medium Scenarios'!F3-'Medium Scenarios'!H3)/('Medium Scenarios'!O3-'Medium Scenarios'!H3),0),0) -> 0
A3: ='Medium Scenarios'!C4 -> Whisphere | B3: =iferror(match('Medium Scenarios'!F4, 'Medium Scenarios'!H4:O4),0) -> 0 | D3: =iferror(if('Medium Scenarios'!F4>='Medium Scenarios'!H4,('Medium Scenarios'!F4-'Medium Scenarios'!H4)/('Medium Scenarios'!O4-'Medium Scenarios'!H4),0),0) -> 0
A4: ='Medium Scenarios'!C5 -> Smoothbot Invincible Goated | B4: =iferror(match('Medium Scenarios'!F5, 'Medium Scenarios'!H5:O5),0) -> 0 | D4: =iferror(if('Medium Scenarios'!F5>='Medium Scenarios'!H5,('Medium Scenarios'!F5-'Medium Scenarios'!H5)/('Medium Scenarios'!O5-'Medium Scenarios'!H5),0),0) -> 0
A5: ='Medium Scenarios'!C6 -> Leaptrack Goated 75% Slightly Larger | B5: =iferror(match('Medium Scenarios'!F6, 'Medium Scenarios'!H6:O6),0) -> 0 | C5: =max(B5:B7) -> 0 | D5: =iferror(if('Medium Scenarios'!F6>='Medium Scenarios'!H6,('Medium Scenarios'!F6-'Medium Scenarios'!H6)/('Medium Scenarios'!O6-'Medium Scenarios'!H6),0),0) -> 0
A6: ='Medium Scenarios'!C7 -> Controlsphere rAim Easy | B6: =iferror(match('Medium Scenarios'!F7, 'Medium Scenarios'!H7:O7),0) -> 0 | D6: =iferror(if('Medium Scenarios'!F7>='Medium Scenarios'!H7,('Medium Scenarios'!F7-'Medium Scenarios'!H7)/('Medium Scenarios'!O7-'Medium Scenarios'!H7),0),0) -> 0
A7: ='Medium Scenarios'!C8 -> VT Controlsphere Novice S5 Hard | B7: =iferror(match('Medium Scenarios'!F8, 'Medium Scenarios'!H8:O8),0) -> 0 | D7: =iferror(if('Medium Scenarios'!F8>='Medium Scenarios'!H8,('Medium Scenarios'!F8-'Medium Scenarios'!H8)/('Medium Scenarios'!O8-'Medium Scenarios'!H8),0),0) -> 0
A8: ='Medium Scenarios'!C9 -> Air Angelic 4 Voltaic Easy | B8: =iferror(match('Medium Scenarios'!F9, 'Medium Scenarios'!H9:O9),0) -> 0 | C8: =max(B8:B10) -> 0 | D8: =iferror(if('Medium Scenarios'!F9>='Medium Scenarios'!H9,('Medium Scenarios'!F9-'Medium Scenarios'!H9)/('Medium Scenarios'!O9-'Medium Scenarios'!H9),0),0) -> 0
A9: ='Medium Scenarios'!C10 -> Cloverrawcontrol Easy | B9: =iferror(match('Medium Scenarios'!F10, 'Medium Scenarios'!H10:O10),0) -> 0 | D9: =iferror(if('Medium Scenarios'!F10>='Medium Scenarios'!H10,('Medium Scenarios'!F10-'Medium Scenarios'!H10)/('Medium Scenarios'!O10-'Medium Scenarios'!H10),0),0) -> 0
A10: ='Medium Scenarios'!C11 -> Controlsphere Far Larger | B10: =iferror(match('Medium Scenarios'!F11, 'Medium Scenarios'!H11:O11),0) -> 0 | D10: =iferror(if('Medium Scenarios'!F11>='Medium Scenarios'!H11,('Medium Scenarios'!F11-'Medium Scenarios'!H11)/('Medium Scenarios'!O11-'Medium Scenarios'!H11),0),0) -> 0
A11: ='Medium Scenarios'!C12 -> PGTI Voltaic Easy | B11: =iferror(match('Medium Scenarios'!F12, 'Medium Scenarios'!H12:O12),0) -> 0 | C11: =max(B11:B13) -> 0 | D11: =iferror(if('Medium Scenarios'!F12>='Medium Scenarios'!H12,('Medium Scenarios'!F12-'Medium Scenarios'!H12)/('Medium Scenarios'!O12-'Medium Scenarios'!H12),0),0) -> 0
A12: ='Medium Scenarios'!C13 -> Air CELESTIAL No UFO Easy | B12: =iferror(match('Medium Scenarios'!F13, 'Medium Scenarios'!H13:O13),0) -> 0 | D12: =iferror(if('Medium Scenarios'!F13>='Medium Scenarios'!H13,('Medium Scenarios'!F13-'Medium Scenarios'!H13)/('Medium Scenarios'!O13-'Medium Scenarios'!H13),0),0) -> 0
A13: ='Medium Scenarios'!C14 -> Whisphere Small & Slow 75% | B13: =iferror(match('Medium Scenarios'!F14, 'Medium Scenarios'!H14:O14),0) -> 0 | D13: =iferror(if('Medium Scenarios'!F14>='Medium Scenarios'!H14,('Medium Scenarios'!F14-'Medium Scenarios'!H14)/('Medium Scenarios'!O14-'Medium Scenarios'!H14),0),0) -> 0
A14: ='Medium Scenarios'!C15 -> Ground Plaza Sparky v3 | B14: =iferror(match('Medium Scenarios'!F15, 'Medium Scenarios'!H15:O15),0) -> 0 | C14: =max(B14:B15) -> 0 | D14: =iferror(if('Medium Scenarios'!F15>='Medium Scenarios'!H15,('Medium Scenarios'!F15-'Medium Scenarios'!H15)/('Medium Scenarios'!O15-'Medium Scenarios'!H15),0),0) -> 0
A15: ='Medium Scenarios'!C16 -> Controlsphere OW | B15: =iferror(match('Medium Scenarios'!F16, 'Medium Scenarios'!H16:O16),0) -> 0 | D15: =iferror(if('Medium Scenarios'!F16>='Medium Scenarios'!H16,('Medium Scenarios'!F16-'Medium Scenarios'!H16)/('Medium Scenarios'!O16-'Medium Scenarios'!H16),0),0) -> 0
A16: ='Medium Scenarios'!C17 -> Flicker Plaza rAim Easy | B16: =iferror(match('Medium Scenarios'!F17, 'Medium Scenarios'!H17:O17),0) -> 0 | C16: =max(B16:B17) -> 0 | D16: =iferror(if('Medium Scenarios'!F17>='Medium Scenarios'!H17,('Medium Scenarios'!F17-'Medium Scenarios'!H17)/('Medium Scenarios'!O17-'Medium Scenarios'!H17),0),0) -> 0
A17: ='Medium Scenarios'!C18 -> Polarized Hell Easy 20% Slower | B17: =iferror(match('Medium Scenarios'!F18, 'Medium Scenarios'!H18:O18),0) -> 0 | D17: =iferror(if('Medium Scenarios'!F18>='Medium Scenarios'!H18,('Medium Scenarios'!F18-'Medium Scenarios'!H18)/('Medium Scenarios'!O18-'Medium Scenarios'!H18),0),0) -> 0
A18: ='Medium Scenarios'!C19 -> Air Pure Intermediate | B18: =iferror(match('Medium Scenarios'!F19, 'Medium Scenarios'!H19:O19),0) -> 0 | C18: =max(B18:B19) -> 0 | D18: =iferror(if('Medium Scenarios'!F19>='Medium Scenarios'!H19,('Medium Scenarios'!F19-'Medium Scenarios'!H19)/('Medium Scenarios'!O19-'Medium Scenarios'!H19),0),0) -> 0
A19: ='Medium Scenarios'!C20 -> Air Voltaic Easy Invincible 4 | B19: =iferror(match('Medium Scenarios'!F20, 'Medium Scenarios'!H20:O20),0) -> 0 | D19: =iferror(if('Medium Scenarios'!F20>='Medium Scenarios'!H20,('Medium Scenarios'!F20-'Medium Scenarios'!H20)/('Medium Scenarios'!O20-'Medium Scenarios'!H20),0),0) -> 0
A20: ='Medium Scenarios'!C21 -> Pokeball Frenzy Auto TE Wide | B20: =iferror(match('Medium Scenarios'!F21, 'Medium Scenarios'!H21:O21),0) -> 0 | C20: =max(B20:B22) -> 0 | D20: =iferror(if('Medium Scenarios'!F21>='Medium Scenarios'!H21,('Medium Scenarios'!F21-'Medium Scenarios'!H21)/('Medium Scenarios'!O21-'Medium Scenarios'!H21),0),0) -> 0
A21: ='Medium Scenarios'!C22 -> 1w3ts Reload | B21: =iferror(match('Medium Scenarios'!F22, 'Medium Scenarios'!H22:O22),0) -> 0 | D21: =iferror(if('Medium Scenarios'!F22>='Medium Scenarios'!H22,('Medium Scenarios'!F22-'Medium Scenarios'!H22)/('Medium Scenarios'!O22-'Medium Scenarios'!H22),0),0) -> 0
A22: ='Medium Scenarios'!C23 -> voxTargetSwitch 2 | B22: =iferror(match('Medium Scenarios'!F23, 'Medium Scenarios'!H23:O23),0) -> 0 | D22: =iferror(if('Medium Scenarios'!F23>='Medium Scenarios'!H23,('Medium Scenarios'!F23-'Medium Scenarios'!H23)/('Medium Scenarios'!O23-'Medium Scenarios'!H23),0),0) -> 0
A23: ='Medium Scenarios'!C24 -> BeanTS | B23: =iferror(match('Medium Scenarios'!F24, 'Medium Scenarios'!H24:O24),0) -> 0 | C23: =max(B23:B24) -> 0 | D23: =iferror(if('Medium Scenarios'!F24>='Medium Scenarios'!H24,('Medium Scenarios'!F24-'Medium Scenarios'!H24)/('Medium Scenarios'!O24-'Medium Scenarios'!H24),0),0) -> 0
A24: ='Medium Scenarios'!C25 -> FloatTS Angelic Easy | B24: =iferror(match('Medium Scenarios'!F25, 'Medium Scenarios'!H25:O25),0) -> 0 | D24: =iferror(if('Medium Scenarios'!F25>='Medium Scenarios'!H25,('Medium Scenarios'!F25-'Medium Scenarios'!H25)/('Medium Scenarios'!O25-'Medium Scenarios'!H25),0),0) -> 0
A25: ='Medium Scenarios'!C26 -> WaldoTS Intermediate | B25: =iferror(match('Medium Scenarios'!F26, 'Medium Scenarios'!H26:O26),0) -> 0 | C25: =max(B25:B26) -> 0 | D25: =iferror(if('Medium Scenarios'!F26>='Medium Scenarios'!H26,('Medium Scenarios'!F26-'Medium Scenarios'!H26)/('Medium Scenarios'!O26-'Medium Scenarios'!H26),0),0) -> 0
A26: ='Medium Scenarios'!C27 -> devTS Goated NR Static 5Bot | B26: =iferror(match('Medium Scenarios'!F27, 'Medium Scenarios'!H27:O27),0) -> 0 | D26: =iferror(if('Medium Scenarios'!F27>='Medium Scenarios'!H27,('Medium Scenarios'!F27-'Medium Scenarios'!H27)/('Medium Scenarios'!O27-'Medium Scenarios'!H27),0),0) -> 0
A27: ='Medium Scenarios'!C28 -> domiSwitch Easy | B27: =iferror(match('Medium Scenarios'!F28, 'Medium Scenarios'!H28:O28),0) -> 0 | C27: =max(B27:B28) -> 0 | D27: =iferror(if('Medium Scenarios'!F28>='Medium Scenarios'!H28,('Medium Scenarios'!F28-'Medium Scenarios'!H28)/('Medium Scenarios'!O28-'Medium Scenarios'!H28),0),0) -> 0
A28: ='Medium Scenarios'!C29 -> tamTargetSwitch Smooth Easy | B28: =iferror(match('Medium Scenarios'!F29, 'Medium Scenarios'!H29:O29),0) -> 0 | D28: =iferror(if('Medium Scenarios'!F29>='Medium Scenarios'!H29,('Medium Scenarios'!F29-'Medium Scenarios'!H29)/('Medium Scenarios'!O29-'Medium Scenarios'!H29),0),0) -> 0
A29: ='Medium Scenarios'!C30 -> 1wall5targets_pasu Reload | B29: =iferror(match('Medium Scenarios'!F30, 'Medium Scenarios'!H30:O30),0) -> 0 | C29: =max(B29:B31) -> 0 | D29: =iferror(if('Medium Scenarios'!F30>='Medium Scenarios'!H30,('Medium Scenarios'!F30-'Medium Scenarios'!H30)/('Medium Scenarios'!O30-'Medium Scenarios'!H30),0),0) -> 0
A30: ='Medium Scenarios'!C31 -> VT Bounceshot Intermediate | B30: =iferror(match('Medium Scenarios'!F31, 'Medium Scenarios'!H31:O31),0) -> 0 | D30: =iferror(if('Medium Scenarios'!F31>='Medium Scenarios'!H31,('Medium Scenarios'!F31-'Medium Scenarios'!H31)/('Medium Scenarios'!O31-'Medium Scenarios'!H31),0),0) -> 0
A31: ='Medium Scenarios'!C32 -> Controlsphere Click | B31: =iferror(match('Medium Scenarios'!F32, 'Medium Scenarios'!H32:O32),0) -> 0 | D31: =iferror(if('Medium Scenarios'!F32>='Medium Scenarios'!H32,('Medium Scenarios'!F32-'Medium Scenarios'!H32)/('Medium Scenarios'!O32-'Medium Scenarios'!H32),0),0) -> 0
A32: ='Medium Scenarios'!C33 -> Popcorn MV Intermediate | B32: =iferror(match('Medium Scenarios'!F33, 'Medium Scenarios'!H33:O33),0) -> 0 | C32: =max(B32:B34) -> 0 | D32: =iferror(if('Medium Scenarios'!F33>='Medium Scenarios'!H33,('Medium Scenarios'!F33-'Medium Scenarios'!H33)/('Medium Scenarios'!O33-'Medium Scenarios'!H33),0),0) -> 0
A33: ='Medium Scenarios'!C34 -> Pasu Angelic 20% Larger | B33: =iferror(match('Medium Scenarios'!F34, 'Medium Scenarios'!H34:O34),0) -> 0 | D33: =iferror(if('Medium Scenarios'!F34>='Medium Scenarios'!H34,('Medium Scenarios'!F34-'Medium Scenarios'!H34)/('Medium Scenarios'!O34-'Medium Scenarios'!H34),0),0) -> 0
A34: ='Medium Scenarios'!C35 -> 1w2ts Pasu Perfected | B34: =iferror(match('Medium Scenarios'!F35, 'Medium Scenarios'!H35:O35),0) -> 0 | D34: =iferror(if('Medium Scenarios'!F35>='Medium Scenarios'!H35,('Medium Scenarios'!F35-'Medium Scenarios'!H35)/('Medium Scenarios'!O35-'Medium Scenarios'!H35),0),0) -> 0
A35: ='Medium Scenarios'!C36 -> 1w3ts Pasu Perfected Micro Goated Larger | B35: =iferror(match('Medium Scenarios'!F36, 'Medium Scenarios'!H36:O36),0) -> 0 | C35: =max(B35:B37) -> 0 | D35: =iferror(if('Medium Scenarios'!F36>='Medium Scenarios'!H36,('Medium Scenarios'!F36-'Medium Scenarios'!H36)/('Medium Scenarios'!O36-'Medium Scenarios'!H36),0),0) -> 0
A36: ='Medium Scenarios'!C37 -> Floating Heads Timing 400% Larger | B36: =iferror(match('Medium Scenarios'!F37, 'Medium Scenarios'!H37:O37),0) -> 0 | D36: =iferror(if('Medium Scenarios'!F37>='Medium Scenarios'!H37,('Medium Scenarios'!F37-'Medium Scenarios'!H37)/('Medium Scenarios'!O37-'Medium Scenarios'!H37),0),0) -> 0
A37: ='Medium Scenarios'!C38 -> voxTargetClick 20% Small | B37: =iferror(match('Medium Scenarios'!F38, 'Medium Scenarios'!H38:O38),0) -> 0 | D37: =iferror(if('Medium Scenarios'!F38>='Medium Scenarios'!H38,('Medium Scenarios'!F38-'Medium Scenarios'!H38)/('Medium Scenarios'!O38-'Medium Scenarios'!H38),0),0) -> 0

Sheet arank
A1: =iferror(concatenate(choose(C1, 'Hard Scenarios'!H2, 'Hard Scenarios'!I2, 'Hard Scenarios'!J2, 'Hard Scenarios'!K2, 'Hard Scenarios'!L2, 'Hard Scenarios'!M2),B1),"Unranked") -> Unranked | B1: =if(min(B2:B37)=min(C2:C37)," Complete","") -> Complete | C1: =MIN(C2:C37) -> 0 | D1: VISCOSIMETER
A2: ='Hard Scenarios'!C3 -> WhisphereRawControl 30% Small | B2: =iferror(match('Hard Scenarios'!F3, 'Hard Scenarios'!H3:N3),0) -> 0 | C2: =max(B2:B4) -> 0 | D2: =iferror(if('Hard Scenarios'!F3>='Hard Scenarios'!H3,('Hard Scenarios'!F3-'Hard Scenarios'!H3)/('Hard Scenarios'!M3-'Hard Scenarios'!H3),0),0) -> 0
A3: ='Hard Scenarios'!C4 -> Whisphere Small & Slow | B3: =iferror(match('Hard Scenarios'!F4, 'Hard Scenarios'!H4:N4),0) -> 0 | D3: =iferror(if('Hard Scenarios'!F4>='Hard Scenarios'!H4,('Hard Scenarios'!F4-'Hard Scenarios'!H4)/('Hard Scenarios'!M4-'Hard Scenarios'!H4),0),0) -> 0
A4: ='Hard Scenarios'!C5 -> SmoothBot Invincible Goated Smaller | B4: =iferror(match('Hard Scenarios'!F5, 'Hard Scenarios'!H5:N5),0) -> 0 | D4: =iferror(if('Hard Scenarios'!F5>='Hard Scenarios'!H5,('Hard Scenarios'!F5-'Hard Scenarios'!H5)/('Hard Scenarios'!M5-'Hard Scenarios'!H5),0),0) -> 0
A5: ='Hard Scenarios'!C6 -> Leaptrack Goated 80% | B5: =iferror(match('Hard Scenarios'!F6, 'Hard Scenarios'!H6:N6),0) -> 0 | C5: =max(B5:B7) -> 0 | D5: =iferror(if('Hard Scenarios'!F6>='Hard Scenarios'!H6,('Hard Scenarios'!F6-'Hard Scenarios'!H6)/('Hard Scenarios'!M6-'Hard Scenarios'!H6),0),0) -> 0
A6: ='Hard Scenarios'!C7 -> Controlsphere rAim | B6: =iferror(match('Hard Scenarios'!F7, 'Hard Scenarios'!H7:N7),0) -> 0 | D6: =iferror(if('Hard Scenarios'!F7>='Hard Scenarios'!H7,('Hard Scenarios'!F7-'Hard Scenarios'!H7)/('Hard Scenarios'!M7-'Hard Scenarios'!H7),0),0) -> 0
A7: ='Hard Scenarios'!C8 -> VT Controlsphere Intermediate Hard | B7: =iferror(match('Hard Scenarios'!F8, 'Hard Scenarios'!H8:N8),0) -> 0 | D7: =iferror(if('Hard Scenarios'!F8>='Hard Scenarios'!H8,('Hard Scenarios'!F8-'Hard Scenarios'!H8)/('Hard Scenarios'!M8-'Hard Scenarios'!H8),0),0) -> 0
A8: ='Hard Scenarios'!C9 -> Air Angelic 4 Voltaic | B8: =iferror(match('Hard Scenarios'!F9, 'Hard Scenarios'!H9:N9),0) -> 0 | C8: =max(B8:B10) -> 0 | D8: =iferror(if('Hard Scenarios'!F9>='Hard Scenarios'!H9,('Hard Scenarios'!F9-'Hard Scenarios'!H9)/('Hard Scenarios'!M9-'Hard Scenarios'!H9),0),0) -> 0
A9: ='Hard Scenarios'!C10 -> Cloverrawcontrol | B9: =iferror(match('Hard Scenarios'!F10, 'Hard Scenarios'!H10:N10),0) -> 0 | D9: =iferror(if('Hard Scenarios'!F10>='Hard Scenarios'!H10,('Hard Scenarios'!F10-'Hard Scenarios'!H10)/('Hard Scenarios'!M10-'Hard Scenarios'!H10),0),0) -> 0
A10: ='Hard Scenarios'!C11 -> Controlsphere Far | B10: =iferror(match('Hard Scenarios'!F11, 'Hard Scenarios'!H11:N11),0) -> 0 | D10: =iferror(if('Hard Scenarios'!F11>='Hard Scenarios'!H11,('Hard Scenarios'!F11-'Hard Scenarios'!H11)/('Hard Scenarios'!M11-'Hard Scenarios'!H11),0),0) -> 0
A11: ='Hard Scenarios'!C12 -> PGTI Voltaic | B11: =iferror(match('Hard Scenarios'!F12, 'Hard Scenarios'!H12:N12),0) -> 0 | C11: =max(B11:B13) -> 0 | D11: =iferror(if('Hard Scenarios'!F12>='Hard Scenarios'!H12,('Hard Scenarios'!F12-'Hard Scenarios'!H12)/('Hard Scenarios'!M12-'Hard Scenarios'!H12),0),0) -> 0
A12: ='Hard Scenarios'!C13 -> Air CELESTIAL | B12: =iferror(match('Hard Scenarios'!F13, 'Hard Scenarios'!H13:N13),0) -> 0 | D12: =iferror(if('Hard Scenarios'!F13>='Hard Scenarios'!H13,('Hard Scenarios'!F13-'Hard Scenarios'!H13)/('Hard Scenarios'!M13-'Hard Scenarios'!H13),0),0) -> 0
A13: ='Hard Scenarios'!C14 -> Whisphere Extra Small & Slow | B13: =iferror(match('Hard Scenarios'!F14, 'Hard Scenarios'!H14:N14),0) -> 0 | D13: =iferror(if('Hard Scenarios'!F14>='Hard Scenarios'!H14,('Hard Scenarios'!F14-'Hard Scenarios'!H14)/('Hard Scenarios'!M14-'Hard Scenarios'!H14),0),0) -> 0
A14: ='Hard Scenarios'!C15 -> Ground Plaza Sparky v3 Thin | B14: =iferror(match('Hard Scenarios'!F15, 'Hard Scenarios'!H15:N15),0) -> 0 | C14: =max(B14:B15) -> 0 | D14: =iferror(if('Hard Scenarios'!F15>='Hard Scenarios'!H15,('Hard Scenarios'!F15-'Hard Scenarios'!H15)/('Hard Scenarios'!M15-'Hard Scenarios'!H15),0),0) -> 0
A15: ='Hard Scenarios'!C16 -> Controlsphere OW 150% | B15: =iferror(match('Hard Scenarios'!F16, 'Hard Scenarios'!H16:N16),0) -> 0 | D15: =iferror(if('Hard Scenarios'!F16>='Hard Scenarios'!H16,('Hard Scenarios'!F16-'Hard Scenarios'!H16)/('Hard Scenarios'!M16-'Hard Scenarios'!H16),0),0) -> 0
A16: ='Hard Scenarios'!C17 -> Flicker Plaza | B16: =iferror(match('Hard Scenarios'!F17, 'Hard Scenarios'!H17:N17),0) -> 0 | C16: =max(B16:B17) -> 0 | D16: =iferror(if('Hard Scenarios'!F17>='Hard Scenarios'!H17,('Hard Scenarios'!F17-'Hard Scenarios'!H17)/('Hard Scenarios'!M17-'Hard Scenarios'!H17),0),0) -> 0
A17: ='Hard Scenarios'!C18 -> Polarized Hell 20% Slower | B17: =iferror(match('Hard Scenarios'!F18, 'Hard Scenarios'!H18:N18),0) -> 0 | D17: =iferror(if('Hard Scenarios'!F18>='Hard Scenarios'!H18,('Hard Scenarios'!F18-'Hard Scenarios'!H18)/('Hard Scenarios'!M18-'Hard Scenarios'!H18),0),0) -> 0
A18: ='Hard Scenarios'!C19 -> Air Pure | B18: =iferror(match('Hard Scenarios'!F19, 'Hard Scenarios'!H19:N19),0) -> 0 | C18: =max(B18:B19) -> 0 | D18: =iferror(if('Hard Scenarios'!F19>='Hard Scenarios'!H19,('Hard Scenarios'!F19-'Hard Scenarios'!H19)/('Hard Scenarios'!M19-'Hard Scenarios'!H19),0),0) -> 0
A19: ='Hard Scenarios'!C20 -> Air Voltaic Invincible 4 | B19: =iferror(match('Hard Scenarios'!F20, 'Hard Scenarios'!H20:N20),0) -> 0 | D19: =iferror(if('Hard Scenarios'!F20>='Hard Scenarios'!H20,('Hard Scenarios'!F20-'Hard Scenarios'!H20)/('Hard Scenarios'!M20-'Hard Scenarios'!H20),0),0) -> 0
A20: ='Hard Scenarios'!C21 -> Pokeball Frenzy Auto TE Wide | B20: =iferror(match('Hard Scenarios'!F21, 'Hard Scenarios'!H21:N21),0) -> 0 | C20: =max(B20:B22) -> 0 | D20: =iferror(if('Hard Scenarios'!F21>='Hard Scenarios'!H21,('Hard Scenarios'!F21-'Hard Scenarios'!H21)/('Hard Scenarios'!M21-'Hard Scenarios'!H21),0),0) -> 0
A21: ='Hard Scenarios'!C22 -> 1w2ts Reload | B21: =iferror(match('Hard Scenarios'!F22, 'Hard Scenarios'!H22:N22),0) -> 0 | D21: =iferror(if('Hard Scenarios'!F22>='Hard Scenarios'!H22,('Hard Scenarios'!F22-'Hard Scenarios'!H22)/('Hard Scenarios'!M22-'Hard Scenarios'!H22),0),0) -> 0
A22: ='Hard Scenarios'!C23 -> voxTargetSwitch 2 20% Smaller | B22: =iferror(match('Hard Scenarios'!F23, 'Hard Scenarios'!H23:N23),0) -> 0 | D22: =iferror(if('Hard Scenarios'!F23>='Hard Scenarios'!H23,('Hard Scenarios'!F23-'Hard Scenarios'!H23)/('Hard Scenarios'!M23-'Hard Scenarios'!H23),0),0) -> 0
A23: ='Hard Scenarios'!C24 -> BeanTS 30% Smaller | B23: =iferror(match('Hard Scenarios'!F24, 'Hard Scenarios'!H24:N24),0) -> 0 | C23: =max(B23:B24) -> 0 | D23: =iferror(if('Hard Scenarios'!F24>='Hard Scenarios'!H24,('Hard Scenarios'!F24-'Hard Scenarios'!H24)/('Hard Scenarios'!M24-'Hard Scenarios'!H24),0),0) -> 0
A24: ='Hard Scenarios'!C25 -> FloatTS Angelic | B24: =iferror(match('Hard Scenarios'!F25, 'Hard Scenarios'!H25:N25),0) -> 0 | D24: =iferror(if('Hard Scenarios'!F25>='Hard Scenarios'!H25,('Hard Scenarios'!F25-'Hard Scenarios'!H25)/('Hard Scenarios'!M25-'Hard Scenarios'!H25),0),0) -> 0
A25: ='Hard Scenarios'!C26 -> WaldoTS | B25: =iferror(match('Hard Scenarios'!F26, 'Hard Scenarios'!H26:N26),0) -> 0 | C25: =max(B25:B26) -> 0 | D25: =iferror(if('Hard Scenarios'!F26>='Hard Scenarios'!H26,('Hard Scenarios'!F26-'Hard Scenarios'!H26)/('Hard Scenarios'!M26-'Hard Scenarios'!H26),0),0) -> 0
A26: ='Hard Scenarios'!C27 -> devTS Goated NR Static Small 5Bot | B26: =iferror(match('Hard Scenarios'!F27, 'Hard Scenarios'!H27:N27),0) -> 0 | D26: =iferror(if('Hard Scenarios'!F27>='Hard Scenarios'!H27,('Hard Scenarios'!F27-'Hard Scenarios'!H27)/('Hard Scenarios'!M27-'Hard Scenarios'!H27),0),0) -> 0
A27: ='Hard Scenarios'!C28 -> domiSwitch | B27: =iferror(match('Hard Scenarios'!F28, 'Hard Scenarios'!H28:N28),0) -> 0 | C27: =max(B27:B28) -> 0 | D27: =iferror(if('Hard Scenarios'!F28>='Hard Scenarios'!H28,('Hard Scenarios'!F28-'Hard Scenarios'!H28)/('Hard Scenarios'!M28-'Hard Scenarios'!H28),0),0) -> 0
A28: ='Hard Scenarios'!C29 -> tamTargetSwitch Smooth | B28: =iferror(match('Hard Scenarios'!F29, 'Hard Scenarios'!H29:N29),0) -> 0 | D28: =iferror(if('Hard Scenarios'!F29>='Hard Scenarios'!H29,('Hard Scenarios'!F29-'Hard Scenarios'!H29)/('Hard Scenarios'!M29-'Hard Scenarios'!H29),0),0) -> 0
A29: ='Hard Scenarios'!C30 -> Pasu Reload Goated | B29: =iferror(match('Hard Scenarios'!F30, 'Hard Scenarios'!H30:N30),0) -> 0 | C29: =max(B29:B31) -> 0 | D29: =iferror(if('Hard Scenarios'!F30>='Hard Scenarios'!H30,('Hard Scenarios'!F30-'Hard Scenarios'!H30)/('Hard Scenarios'!M30-'Hard Scenarios'!H30),0),0) -> 0
A30: ='Hard Scenarios'!C31 -> VT Bounceshot Advanced | B30: =iferror(match('Hard Scenarios'!F31, 'Hard Scenarios'!H31:N31),0) -> 0 | D30: =iferror(if('Hard Scenarios'!F31>='Hard Scenarios'!H31,('Hard Scenarios'!F31-'Hard Scenarios'!H31)/('Hard Scenarios'!M31-'Hard Scenarios'!H31),0),0) -> 0
A31: ='Hard Scenarios'!C32 -> Controlsphere Click Smaller | B31: =iferror(match('Hard Scenarios'!F32, 'Hard Scenarios'!H32:N32),0) -> 0 | D31: =iferror(if('Hard Scenarios'!F32>='Hard Scenarios'!H32,('Hard Scenarios'!F32-'Hard Scenarios'!H32)/('Hard Scenarios'!M32-'Hard Scenarios'!H32),0),0) -> 0
A32: ='Hard Scenarios'!C33 -> Popcorn MV Advanced | B32: =iferror(match('Hard Scenarios'!F33, 'Hard Scenarios'!H33:N33),0) -> 0 | C32: =max(B32:B34) -> 0 | D32: =iferror(if('Hard Scenarios'!F33>='Hard Scenarios'!H33,('Hard Scenarios'!F33-'Hard Scenarios'!H33)/('Hard Scenarios'!M33-'Hard Scenarios'!H33),0),0) -> 0
A33: ='Hard Scenarios'!C34 -> Pasu Angelic | B33: =iferror(match('Hard Scenarios'!F34, 'Hard Scenarios'!H34:N34),0) -> 0 | D33: =iferror(if('Hard Scenarios'!F34>='Hard Scenarios'!H34,('Hard Scenarios'!F34-'Hard Scenarios'!H34)/('Hard Scenarios'!M34-'Hard Scenarios'!H34),0),0) -> 0
A34: ='Hard Scenarios'!C35 -> 1w2ts Pasu Perfected 30% Smaller | B34: =iferror(match('Hard Scenarios'!F35, 'Hard Scenarios'!H35:N35),0) -> 0 | D34: =iferror(if('Hard Scenarios'!F35>='Hard Scenarios'!H35,('Hard Scenarios'!F35-'Hard Scenarios'!H35)/('Hard Scenarios'!M35-'Hard Scenarios'!H35),0),0) -> 0
A35: ='Hard Scenarios'!C36 -> 1w3ts Pasu Perfected Micro Goated | B35: =iferror(match('Hard Scenarios'!F36, 'Hard Scenarios'!H36:N36),0) -> 0 | C35: =max(B35:B37) -> 0 | D35: =iferror(if('Hard Scenarios'!F36>='Hard Scenarios'!H36,('Hard Scenarios'!F36-'Hard Scenarios'!H36)/('Hard Scenarios'!M36-'Hard Scenarios'!H36),0),0) -> 0
A36: ='Hard Scenarios'!C37 -> Floating Heads Timing 400% Fixed | B36: =iferror(match('Hard Scenarios'!F37, 'Hard Scenarios'!H37:N37),0) -> 0 | D36: =iferror(if('Hard Scenarios'!F37>='Hard Scenarios'!H37,('Hard Scenarios'!F37-'Hard Scenarios'!H37)/('Hard Scenarios'!M37-'Hard Scenarios'!H37),0),0) -> 0
A37: ='Hard Scenarios'!C38 -> VoxTargetSwitch Click Small | B37: =iferror(match('Hard Scenarios'!F38, 'Hard Scenarios'!H38:N38),0) -> 0 | D37: =iferror(if('Hard Scenarios'!F38>='Hard Scenarios'!H38,('Hard Scenarios'!F38-'Hard Scenarios'!H38)/('Hard Scenarios'!M38-'Hard Scenarios'!H38),0),0) -> 0

Sheet Changelog
A1: Changelog
A2: Date | B2: Changes
A3: 17/7/25 | B3: - Added Indigo rank to help bridge the gap between Intermediate and Advanced. - Ground Plaza Sparky v3 Fuchsia (now Indigo): 906 -> 905 - Air Pure Fuchsia (now Indigo): 910 -> 909 - Pokeball Frenzy Auto TE Indigo and Fuchsia nerfed, 3750 -> 3700 and 4,000 -> 3,900 - Polarized Hell Easy 20% Slower Indigo and Fuchsia buffed, 3100 -> 3150 and 3250 -> 3,400
A4: 19/7/25 | B4: Significant changes to wool, linen and velvet and slight changes to chiffon
B5: - Wool Changes (discord links)
B6: - Linen Changes
B7: - Velvet Changes
B8: - Chiffon Changes
A9: 20/7/25 | B9: Swapped Air CELESTIAL No UFO Easy 80% for Air CELESTIAL No UFO Easy Slowed on the easier scenarios list
A10: 25/7/2025 | B10: - Added scores for the rest of the easier scenarios - Rebalanced hare, overall making it easier to obtain. Basically universal nerfs for most scenarios - Buffed Controlsphere rAim on Hard Scenarios - Nerfed Pokeball Frenzy Auto Te on Hard and Medium Scenarios - Rebalanced tamTargetSwitch Smooth Easy - Whisphere Fuchsia nerfed from 21,000 to 20,750 - Buffed Air Angelic 4 Voltaic Easy - Polarized Hell Easy 20% Slower Fuchsia 3,400 -> 3,350 - Nerfed Floating Heads Timing 400% Larger on the Medium Scenarios - Rebalanced DevTS Goated NR Static 5Bot
A11: 26/7/2025 | B11: - fixed broken rank calculation on beginner sheet
A12: 13/8/2025 | B12: - added pgti voltaic + variants in place of vt raw control precision focus
A13: 16/8/2025 | B13: - swapped b180 voltaic and b180 voltaic easy for bounceshot variants, easier scenarios still feature b180 voltaic - swapped gpsv3 ow with gpsv3 thin for the hard scenarios and tweaked score targets accordingly - renamed dynamic clicking category to click timing - added one new scenario per subcategory in the click timing category - added lemming rank below hare - added voxtargetswitch 2 + variants in the speed flick tech subcategory - swapped vt floating heads switching for floatts angelic + variants - changed a lot of the easier scenarios score targets
A14: 21/8/2025 | B14: - buffed devTS Goated NR Static 5bot - nerfed devTS Goated NR Static Small 5Bot - nerfed tamtargetswitch smooth easy
A15: 25/08/2025 | B15: - nerfed tamTargetSwitch Smooth - fixed typo for silk score on controlsphere rAim - nerfed whisphererawcontrol 30% small - nerfed air angelic 4 voltaic easy 80%
A16: 45817 | B16: - nerfed PGTI Voltaic Easy
A17: 45878 | B17: - nerfed VT Controlsphere Novice S5 Hard
